data_type,integrity_score,freshness,market_demand,seller_reputation,data_volume,access_frequency,final_price
blood_pressure,0.9468433918182738,0.9348114457157632,0.6151303050151102,0.7575443764785812,1078,3,139.2654626063702
blood_pressure,0.8776321105881759,0.9357037680189046,0.5202839836458,0.7466694748746917,1111,35,145.0784849164899
heart_rate,0.9448624702835532,0.9059180084926314,0.6831503387649909,0.8209067145030271,3640,2,157.51813680578934
glucose,0.8838891613383671,0.5096458122661538,0.5175297594132485,0.8979074418355855,1537,34,194.87505448324816
temperature,0.9327193106010551,0.9350856795472033,0.7044019721030089,0.8320847693294287,3250,16,164.78445629016912
glucose,0.9330589033647582,0.8764541676300286,0.6727743223855702,0.7411921721741573,4239,23,225.23901205289243
heart_rate,0.9009700531850244,0.6255039011438507,0.5374204554904263,0.9077518075340636,4268,36,179.81662117671883
temperature,0.8573778749717249,0.9702352226435589,0.25442351030885907,0.7998418892083303,5803,23,109.80667740191751
blood_pressure,0.8944990327159431,0.670894463433273,0.45630258729111295,0.633012009627512,1805,1,109.39706937530951
heart_rate,0.8943251086586896,0.9094614098223508,0.7675806502706558,0.9716504804838568,4851,6,211.8544876603257
blood_pressure,0.9082329519893176,0.6619406572420748,0.44967711260031196,0.9012604106208769,3215,14,167.59941523037324
temperature,0.9478984856501593,0.7914258839278651,0.549103151191742,0.8649822021704308,5541,7,160.3143408282008
temperature,0.8601661568469959,0.8733525970938084,0.45969771696815426,0.8151541207186291,1451,41,108.77383428079322
glucose,0.9140837415750974,0.8306626183628352,0.3248085630713586,0.7740215602086444,2139,47,147.84425577984527
blood_pressure,0.9336435357938924,0.7353916547893048,0.564016394360297,1.0,1098,7,159.70253438307842
blood_pressure,0.9138717420826411,0.9115741211206918,0.5716019514298051,0.9308622003160898,2269,48,190.14219503609178
heart_rate,0.9387540338667355,0.9775885179488053,0.32485760062783214,0.9277953915804902,2035,11,109.89508079768945
heart_rate,0.953413726868265,0.8859428480525195,0.7657044801485198,0.7958837327611477,2747,34,188.57162513766448
heart_rate,0.9234100293810885,0.7116557210879952,0.2938399426328311,1.0,2648,43,137.8061228756602
blood_pressure,0.931496501042834,0.8833433372094958,0.6610269980273699,0.9037695076804777,3284,47,232.111577902996
blood_pressure,0.8859947438485338,0.7987207451736887,0.46570678242422797,0.4801180203693709,4022,15,124.02376181158967
heart_rate,0.9164082351003687,0.6409003723124811,0.3746949625290387,0.840010519647084,3767,38,145.37622465016696
blood_pressure,0.929846901733467,0.5872875509773675,0.3813848810959736,0.9060702635551419,1393,34,149.27234446434497
heart_rate,0.9301918094968313,0.640002094690586,0.5300071436687028,1.0,5038,18,189.30207473965524
heart_rate,0.8569508537822287,0.9534478505729619,0.5279868621116953,0.8297710611957707,2636,1,124.18578531994577
temperature,0.958265316518901,0.8322012845199814,0.35568935943852403,0.8841437770545438,2116,1,100.03327688575772
glucose,0.8595562708055181,0.8333735948735407,0.576181039668678,0.9649921637659902,2572,20,205.7777533969281
heart_rate,0.8839330663692053,0.7767968348654917,0.8718775913314547,0.7924617693483155,4124,9,194.8977001343292
heart_rate,0.8703380410370949,0.799480076287644,0.23935618945094597,0.7884719961479153,3038,6,101.69614163556336
blood_pressure,0.9086583375983075,0.8219555974042381,0.7032856812678467,0.7417566167322326,4708,33,223.29441226410682
blood_pressure,0.8618606504434303,0.6824157072115983,0.8763906292888455,0.7553121173519586,3147,11,206.7954087865906
temperature,0.9676356538392303,0.7118962916367584,0.4318410153613844,0.9260313779954839,2368,14,120.55442507570206
glucose,0.9748998516177324,0.8022733323082036,0.6999465990887779,0.9269838376481253,3548,29,263.9792260889781
temperature,0.8595956395457925,0.9837658367367244,0.4867827721179638,0.8693681486771878,5181,41,147.734476592615
temperature,0.9276441696017654,0.7936572415341338,0.6176730238387705,0.8688398597124396,5130,21,179.57834532490114
heart_rate,0.8684209377443421,0.6281036050231904,0.7941107499154122,0.9006622414654561,1364,10,174.1630875511914
glucose,0.897529018802576,0.8779224717568009,0.784410539219227,0.7045629581060511,5769,24,253.2614729169922
temperature,0.9325374844061064,0.6612626823011518,0.21370325210620836,0.7561449403265661,1961,16,81.05242635682478
temperature,0.9251765456929616,0.5128602308948688,0.6674296259427862,0.6701663486529615,5270,47,169.24507505830982
heart_rate,0.9189250897303132,0.7084935226679299,0.40292207416804005,0.961270369334863,4034,42,171.1194076535838
blood_pressure,0.931522818490299,0.8636077549570883,0.7104038427692723,0.9342592525026706,1537,18,197.01387982944303
heart_rate,0.9405380708063875,0.6286952878695447,0.9443845920918448,0.6436457381136285,4831,15,211.33210655733978
heart_rate,0.9266651651399992,0.7375023331837659,0.6837257387723251,0.6477875991615408,4575,1,146.95747699361996
blood_pressure,0.9341228247858548,0.9535559758674893,0.7101842438634894,0.7070238313326238,5110,35,228.69231732637465
heart_rate,0.9458353334667317,0.9142887857068258,0.5523603510412312,0.835002945697713,3006,11,149.4252527119103
blood_pressure,0.9341228247858548,0.9535559758674893,0.7101842438634894,0.7070238313326238,1251,36,182.89638957444294
blood_pressure,0.9363157277396009,0.7564609971955444,0.7306097419529801,0.9055084969909261,4525,1,217.09552479427433
heart_rate,0.9780624050542154,0.7025532049756122,0.6883684142646681,0.8270777490935993,5239,20,197.45342618646242
glucose,0.8807522564248174,0.9170591450100869,0.22321152700072847,0.9299651830050968,5664,45,187.9092155028277
heart_rate,0.8706860662672449,0.5939004690908372,0.7823662147042874,0.6282983042359348,5705,30,180.82477750500445
heart_rate,0.9414455077108244,0.8566122325905668,0.1959693505688333,0.8762492253019524,2577,17,106.360577360507
glucose,0.9204014556586931,0.7397330994129664,0.531411323761786,0.6677039681613791,5131,49,227.10935033637077
heart_rate,0.9476604551050757,0.4623698641895558,0.4952871059011853,0.8859334322064156,2859,9,140.58202822491378
heart_rate,0.9153955628410527,0.7438004097128793,0.819547432451023,0.7846465153843902,4512,33,218.434783087046
heart_rate,0.9940658529012129,0.762408185754174,0.726585447119139,0.940733711004585,2098,44,202.5741392432186
glucose,0.9635645105521272,0.7138171163856275,0.5290222819949479,0.6221903395312423,5571,38,210.75499229968182
heart_rate,0.9028171446121022,0.572042425805475,0.3582663572996884,0.6609520283056999,4226,32,138.89039381409225
glucose,0.8852128366241762,0.8072521090542814,0.5318667078831348,0.8562539573242339,5287,29,239.067301778215
temperature,0.9404359214676903,0.57220858255457,0.34160180351485875,0.6763316729832287,3268,37,108.44597795389176
glucose,0.9350016828481708,0.7832365200773215,0.5560982418372669,0.8677892203568766,3656,15,215.01628327029889
heart_rate,0.898196089243988,0.7683673797818451,0.3298552146829963,0.7782543350402669,1042,19,97.70407172794923
blood_pressure,0.9620535821118772,0.9004956871296014,0.6176104727701235,0.8275530249383618,4721,31,217.44012280192385
blood_pressure,0.9135335055196087,0.7841125502917031,0.5919591458191207,1.0,3204,47,233.7082217156803
glucose,0.9534874690605366,0.8624636600285217,0.46713414009222315,0.6077224691353391,1484,13,131.33448205471706
blood_pressure,0.9254999574961313,0.7940466631753336,0.5563024581758053,0.7553284270435523,2484,17,151.12696197376584
temperature,0.9500687477110443,0.6343154446363722,0.529766313779187,0.8756070830461631,5211,49,184.59581863350743
temperature,0.8968065178340843,0.6329407424947432,0.68635588235654,0.8146817181317144,2598,47,165.0919254441464
heart_rate,0.9811763352392014,0.7223462023297682,0.5611966506456837,0.6750690934172998,3614,34,160.5177886905485
blood_pressure,0.9553852252471805,0.800313876155867,0.6711083581956231,0.9431981277667161,3186,12,201.73162684316839
glucose,0.9457948491201501,0.8094691829137708,0.36963263104440275,0.8584471440620021,2649,36,187.5991896989586
blood_pressure,0.952996787991515,0.7968550614744241,0.5606462144754015,0.7273996299838923,1199,21,152.09349325477044
temperature,0.921899685896089,0.8254484138198832,0.46318255835284633,0.8138353897851115,1847,41,134.59795068399853
glucose,0.9399595398994816,0.9133454508577191,0.627331707184427,0.6639734825693785,1196,42,188.37064088039492
heart_rate,0.9015565619032322,0.5342785658621093,0.5109533431006075,0.8680126470722651,5914,10,172.84906076409482
glucose,0.9796894943271165,0.7675740451197387,0.24101731210624328,0.8357411089083553,4766,36,166.58536482480932
temperature,0.8852901941916235,0.6435380181118865,0.6665805787374166,0.8518536447475297,1770,47,145.0475465331618
temperature,0.9001376097415206,0.8078004136177657,0.6998263133494467,0.8997682511123418,4332,43,191.71458804200037
temperature,0.938733067373261,0.5477639769885344,0.4022544884509139,0.7182611294014344,5673,4,107.85415073761068
glucose,0.9046336946765677,0.7344571944677588,0.57412281432521,0.9530145070218594,2509,42,229.04836911413543
glucose,0.9145466863043547,0.942992707397871,0.3640650823806341,0.8219411623818607,4190,40,195.23034658555454
blood_pressure,0.9266913332389749,0.8055114119202539,0.26884059525403126,0.6846935492201187,4866,7,120.71398688933155
blood_pressure,0.879311418679821,0.8024946080030351,0.7234623899578888,0.7649502886238664,2043,8,172.30819209016988
blood_pressure,0.9462584752386889,0.8797344701151484,0.2543244460714252,0.7155892491369206,1958,10,98.6360357637035
blood_pressure,0.9135637685157292,0.5977838048621441,0.5671923566891551,0.8986981256962607,1271,42,162.2094959035129
blood_pressure,0.8958061921285538,0.9544683647794222,0.758101150108908,0.8579172687489711,3469,25,228.76885503386004
glucose,0.8962369272062061,0.8785658600287735,0.6333645046157119,0.9100993209199849,4815,42,274.70923544187895
blood_pressure,0.9132200499473978,0.9229531669726063,0.4767629138259844,0.7287833263294017,3749,34,180.60554448666107
heart_rate,0.8971363592662214,0.6331414381920856,0.5650318364075849,0.8631755141293463,2440,29,161.95064644920672
temperature,0.8798514228470736,0.8612751572733782,0.47461385416918944,0.9382274279343793,4589,37,145.52883579797438
temperature,0.9048876776026961,0.8521528292870197,0.7047664423359479,1.0,3496,1,152.26907181588592
glucose,0.895664605294064,0.8190573179338165,0.626782082283663,0.7878335956695701,5767,13,234.47532688968198
glucose,0.9257243871847906,0.7714359177600137,0.7828532711034667,0.744370811615228,4679,31,265.67070979484186
glucose,0.9729796642900632,0.7225921248565226,0.34403615886830674,0.9489610882698548,1885,14,173.8756698030546
temperature,0.8862013583841271,0.6846380932015173,0.6480576116867498,0.6320641767599942,1993,36,120.36850518104478
temperature,0.9042325132863849,0.5826436729871358,0.24655361004559193,0.9691746844447133,3545,2,113.64346281979056
blood_pressure,0.9552088600432006,0.858049403854242,0.5033051367510241,0.7740506056874806,1962,21,137.38972177667466
glucose,0.9124847488254535,0.9306446919907984,0.27887114430625054,1.0,2880,4,152.4386234276396
heart_rate,0.9364029553077595,0.8923947833018682,0.46180852415218643,0.8511903027787886,3592,23,152.3814624560576
heart_rate,0.9182062726812432,0.9918910489178887,0.37930693002408367,0.8996281183721252,1681,12,111.45430010696735
heart_rate,0.8763026622375186,0.850142838846812,0.44857797854431325,0.7917716010807726,2213,2,111.99494234965945
blood_pressure,0.9606383190747207,0.7686469941657775,0.4321797099786431,0.6338691456321529,1864,44,150.85155297562667
heart_rate,0.9321686286126623,0.7056157218767611,0.7762126643766629,0.7302149523289873,5319,41,220.98753579964077
blood_pressure,0.9147110510674952,0.8726725758624689,0.5287174707464732,0.8003939568770643,4855,10,185.9577322297874
blood_pressure,0.8936512657058063,0.5407768716114327,0.39153778830653035,0.6088386645378108,2735,22,127.11029481040087
blood_pressure,0.8824195908567078,0.7962253763583286,0.5786092796927006,0.8422062727004184,4982,22,209.0369383513651
temperature,0.9239395183508481,0.8773959787900718,0.7546540844495212,0.6336528150024883,4005,42,163.2424774187453
temperature,0.9542402737392109,0.8001107755430676,0.5052811804263015,0.7063634212736833,1877,23,107.45722015667447
temperature,0.9735910050738685,0.8007443472737663,0.7403483138479855,0.8224511344206406,4007,11,160.58313247972288
heart_rate,0.9682790497375506,0.581988987924486,0.5056949179337615,0.7603532937615473,3008,25,141.19620661796887
glucose,0.9766387799092271,0.9668881770761338,0.21095546306216797,0.786927632748049,4236,42,164.47443429417964
blood_pressure,0.8966862241874497,0.8774702832254612,0.49203791027209437,0.4436875798227349,4424,36,148.74721210825754
blood_pressure,0.9192142955044702,0.7704256116019275,0.8290534771837368,0.633180607499756,1645,18,188.70489936619117
blood_pressure,0.8909386094660061,0.5318973594605457,0.716925767903334,0.8328874083713933,2642,14,182.38688712414967
blood_pressure,0.9648557114472361,0.8122685804702731,0.6368670680445488,0.8042541295916432,1529,29,176.31416589775083
temperature,0.941381786864988,0.926808708918488,0.3624780302067897,0.8792688866457445,5300,34,138.42174203440817
blood_pressure,0.9255489290243348,0.664741139934375,0.39758001639776436,0.8706996836480605,5621,30,199.71125890214307
blood_pressure,0.8840014774901661,0.7332677395509422,0.28700562159296933,0.7924336103988474,4925,41,167.77271001914158
heart_rate,0.8485381029985043,0.6316633262993874,0.9086501712378975,0.8489827349644492,3920,9,194.46679355333137
heart_rate,0.8786234431627309,0.6904530247883303,0.38440340927927374,0.8018340098701534,5943,5,133.399926856008
temperature,0.9014655461605067,0.7213655323564715,0.2858816955767285,0.8181116372220041,3668,12,103.03815718924449
heart_rate,0.9181177342375423,0.9725737976349775,0.49327037979181965,0.8366832582282723,5723,44,195.58737103149295
blood_pressure,0.9201093953528269,0.8933667448001321,0.3279199227761018,0.6969073213229148,4928,4,136.06563932496755
blood_pressure,0.9148971972073423,0.9837394350254568,0.9405257275173347,0.9127242597770168,2839,7,239.39395387432205
blood_pressure,0.8918995423720358,0.8608672550384123,0.7481373890113887,0.5708915751205387,4001,39,196.9107574011057
glucose,0.8612111745781826,0.667426667707434,0.6197097893644918,0.7730258120160032,4784,7,210.2421489969981
blood_pressure,0.9214746662818862,0.6711127894270327,0.3026076238433886,0.8505365326294764,3119,11,133.79092759760445
heart_rate,0.9343811563597858,0.9638246102425784,0.3924650571477714,0.8004115146442403,5307,35,167.24050577686853
glucose,0.9461033606473701,0.7951538251034284,0.6162705552221251,0.9239587921652306,1506,36,212.48524016545056
heart_rate,0.9137670148706607,0.5981435533654769,0.7125908210728328,0.7405573544110609,3540,10,170.1651009598449
glucose,0.9015215900317263,0.6751076533446166,0.31835286235996685,0.7046483046204003,4035,30,154.49454638603336
temperature,0.9039636741406164,0.965573734829218,0.7326859073742235,0.9483735364994752,5361,7,178.24006051239414
temperature,0.9523714793359914,0.8545486550551902,0.3534083404152404,0.972289020408044,1173,45,123.25336663278767
glucose,0.9539334253419922,0.7319767226872677,0.5957076555118213,0.8831296733789807,3148,15,210.4610351795932
temperature,0.8796860176298237,0.6811835373321987,0.6617981565633091,1.0,2026,27,140.82220226006802
blood_pressure,0.9344987602550503,0.7267290037415339,0.8938160381341992,0.727527095905122,4258,47,267.6948256307652
heart_rate,0.9280820296557963,0.9042753812162644,0.5928279842151047,0.8826345860663725,5446,44,225.36531557092167
blood_pressure,0.9214258059212583,0.5520749546730949,0.6365962981364248,0.9019566383676509,3861,17,196.9915597075075
blood_pressure,0.9320050415418186,0.8451041018581545,0.31198973917885675,0.6202002512455066,3888,27,118.48251832909426
temperature,0.8925366207529093,0.8688671831988228,0.6718073604805419,0.7069152606984627,3393,15,121.81898702755463
glucose,0.9727819028261762,0.7574600413475723,0.6336135955461901,0.8982484888403685,2686,34,232.08812157392146
blood_pressure,0.9046115886147491,0.7075399885586707,0.2632189826414262,0.8884015900910767,2051,31,133.11138383150228
blood_pressure,0.8509637209102746,0.9519821616008922,0.30323685195641303,0.7754530423844536,4703,35,143.63280480369454
heart_rate,0.9081610582846696,0.7107614235089295,0.7031216280517646,0.8608963027088736,5210,22,202.3414627385255
glucose,0.9382671310803099,0.699237083548768,0.47518642402061473,0.9067129437340201,3754,36,206.87256307250848
blood_pressure,0.8935320926010522,0.7412346971181909,0.7048429201848938,0.8467211545514488,2943,49,222.4964874948481
heart_rate,0.8752123660361657,0.7455978499427572,0.3678967328916302,1.0,5604,33,176.0615468486698
heart_rate,0.9439528991545821,0.6612972646446181,0.5988518076281445,0.7151115107267381,5392,3,148.91812216618507
heart_rate,0.9169062729988501,0.9576038434376968,0.6258734997823219,0.9674761372124869,2733,27,186.11340461809812
heart_rate,0.9122651520986564,0.933302817320691,0.2934708343572756,0.7821932061738807,1271,4,90.8506365058623
heart_rate,0.9197441746225378,0.8189176402516022,0.2841947839865581,1.0,2053,27,125.02779738007706
heart_rate,0.9121745588965177,0.8690281111169427,0.6066497860061636,1.0,4181,11,175.38230567101238
temperature,0.8966359751813054,0.9261086994561164,0.4345764218097951,0.9297178995868878,3416,35,137.55713362496817
temperature,0.8680211559182527,0.83777148610308,0.4364827459445036,0.9366623560718739,5359,31,152.23343556733766
blood_pressure,0.9712094062845932,0.8693725540131766,0.4154435371364888,0.8911495384860427,3562,47,186.28913574241352
heart_rate,0.9092422904990307,0.7585799524169076,0.5133310454105042,1.0,2309,47,180.3155337761755
glucose,0.8988846005906899,0.85346467749196,0.5626462976981891,0.613951090786117,5720,43,231.78822102470545
blood_pressure,0.9251277944169394,0.5846039216628909,0.5410693786742188,0.7733916848493517,3814,27,183.53553959407182
temperature,0.9259430207315172,0.8235029146011333,0.7654030690236889,0.964110411597759,1637,13,154.93910492981348
glucose,0.9382671310803099,0.699237083548768,0.47518642402061473,0.9067129437340201,2486,25,188.87650202740411
heart_rate,0.9264882573548457,0.9057611728064272,0.6786894370201239,0.9906281757984733,5726,1,203.01698960190473
heart_rate,0.97295892735213,0.48959761111555744,0.6667310251491517,0.8446225312888435,1709,3,154.81421544049192
blood_pressure,0.9433432710863524,0.2974569947458624,0.6679386872732004,0.9426157953034225,1937,25,204.05143525849542
temperature,0.9808419181387286,0.6589615561419255,0.8171013846589013,0.9513249643452362,5712,5,200.31735575723198
temperature,0.8835802727740699,0.949185165006285,0.6498955355819385,0.7908770629978087,5948,7,165.76939462095856
heart_rate,0.9451582776887604,0.8808301546600743,0.7034861924297008,0.6839921038308086,4028,18,178.98075521779774
temperature,0.9604051501637818,0.8757491416576302,0.4222951315243459,0.7823581727812312,2021,33,107.01673053943212
blood_pressure,0.9325571809354701,0.7865762074249162,0.21913511569049468,0.9490606227196801,1189,26,122.8104037467032
heart_rate,0.8481691429479473,0.8056298784603738,0.3610090218394464,0.9558182220837949,5727,2,140.38626679573503
blood_pressure,0.8519441534273904,0.8244975670393049,0.48267156817331863,0.9273610975751259,2197,20,162.5514116143423
temperature,0.9452421077589082,0.960994339020549,0.6511630939049421,0.6982326711163922,4509,46,170.55351141315424
blood_pressure,0.9005981800745483,0.7989107659494957,0.4988865814900221,0.5696946496789628,5627,48,176.56003942679405
temperature,0.9816652777886758,0.7320509461183288,0.5664742200341305,0.8097026519476707,3753,41,164.61010824008113
blood_pressure,0.8673729530500933,0.6161402304740393,0.49812169345409596,0.5300871836613795,3102,48,146.3421378816954
glucose,0.9248188693668641,0.8672813805881154,0.39102013131582974,0.8910723118869737,4308,9,169.10993806113197
blood_pressure,0.8809483782801352,0.6763477493324767,0.7674069665652397,0.7871124348284227,5801,34,251.3404540263129
temperature,0.9589195852953648,0.767046937833927,0.5475214978615531,0.9131914361351253,3494,4,126.95237878305645
glucose,0.9376789771561961,0.5624426860127371,0.6710033499075319,0.7088068809624228,1001,31,189.2277936729698
blood_pressure,0.9517551804925202,0.48761632109943204,0.2136811306596837,1.0,3128,25,142.64919271351422
glucose,0.8841628947448753,0.6968606676710787,0.4779342694096021,0.9189941821365647,2303,48,215.13225065695346
glucose,0.9539334253419922,0.7319767226872677,0.5957076555118213,0.8831296733789807,1806,43,226.73708707821748
blood_pressure,0.9160300827575237,0.9673680827970094,0.5896065903910699,0.6988955406156947,1801,45,163.1317016195141
glucose,0.9379731149663841,0.8715067439813745,0.7629449246103986,0.8005228451791196,3683,3,225.9942005196447
glucose,0.9023018125326387,0.8986937592687299,0.6309521083510582,0.6902227385854258,1771,20,176.50379792840596
glucose,0.9223296013916438,0.8987736527924722,0.7561606070847515,0.9195874213965238,1977,18,236.21034937708887
blood_pressure,0.9103567073705533,0.8572302395083535,0.5942593758446485,0.9075286774556058,5917,23,220.48141425125704
blood_pressure,0.9528607976250688,0.8339119265731133,0.44961428501496764,0.9811039281290563,5963,17,198.17914833878456
heart_rate,0.8885409227289022,0.8940772875595766,0.5347240123161572,0.9843806945928937,2175,44,173.89044452787073
blood_pressure,0.8991321833416733,0.7345947893941833,0.3631106892440955,0.7943109310805306,1534,38,131.55481026290724
heart_rate,0.9084014863067686,0.7972790841528656,0.6106296751540389,0.8126725905948705,1829,13,144.46975457770836
heart_rate,0.9556778668057215,0.8116378163802908,0.7381923270144057,0.7421756611457858,3152,40,188.1105896849302
blood_pressure,0.9656581022530591,0.7520473036875363,0.5599823553247206,0.8953241515424504,3608,14,187.8767840300197
temperature,0.8963531259617742,0.8977460727442789,0.8848881209437351,0.8957772821021053,5043,19,198.34697104530943
glucose,0.8831620092427181,0.9272123347780309,0.8087840565908925,0.8974310578853493,2461,35,264.05710571507495
heart_rate,0.9530711836797924,0.7664110568454787,0.539520115884259,0.7970958964907399,4358,40,178.2545059063756
heart_rate,0.9652788886828033,0.5376902994374964,0.5210833238481528,0.6952387422863632,2661,33,146.5140474217516
temperature,0.9345700896446526,0.9849822971091973,0.42266919150167714,0.7725827604938063,1986,22,100.46938559078491
glucose,0.9255159577255266,0.6612956119040411,0.6898036410232928,0.8369375805718466,4038,31,246.36377482297914
heart_rate,0.9155893039361306,0.6087603088734674,0.9368605393127046,0.816405104370905,2917,34,227.74362284076952
heart_rate,0.8646546852236359,0.6607897893381269,0.626462979120898,0.9060735388912022,2479,32,171.92658644984337
heart_rate,0.9687398741737239,0.6952924254789943,0.7003111379498432,0.8770888269067157,3525,8,181.1149274641757
heart_rate,0.9811763352392014,0.7223462023297682,0.5611966506456837,0.6750690934172998,1568,31,135.56133160484382
temperature,0.8862013583841271,0.6846380932015173,0.6480576116867498,0.6320641767599942,1037,41,123.9713441721859
glucose,0.9415259558899163,0.7159430378756786,0.5179620100900288,0.9198559108116944,1248,7,168.58143166737443
heart_rate,0.9235089419726615,0.6682520865821769,0.13471963744232665,0.7397119247494508,4242,40,104.45977330644286
heart_rate,0.948070027459023,0.8554086212448311,0.6757723913191112,1.0,3230,37,215.01786994619346
blood_pressure,0.9162150713121717,0.826233481371108,0.7831410097278367,1.0,1794,36,244.06998231198068
glucose,0.8987571233866568,0.8608186765200151,0.48962897201004907,0.635966586687526,3140,35,177.58597766607403
glucose,0.9244982983909995,0.8341012895512635,0.5308621304548435,0.7297679134420022,3543,18,179.3905015929356
heart_rate,0.8559781251301408,0.6673489892203173,0.7910003244635926,0.5395502104595027,4354,35,161.12346882367373
heart_rate,0.9178759291131469,0.8552188112878593,0.4001327357531294,0.8606758035756105,4177,32,148.61582883220186
blood_pressure,0.9434526259427379,0.9363493675727552,0.92108735137968,0.8629317336824053,3703,46,284.4176004502954
glucose,0.9474444004985341,0.853627803404194,0.49954718908780626,0.8015714906239305,3471,8,178.96754148309407
temperature,0.959823869418227,0.8505517499597015,0.3485749524531546,1.0,2614,12,113.65806975037754
temperature,0.9209505833737519,0.8027558622586611,0.6578974069409594,0.9310914567623229,2736,35,166.28767735176362
blood_pressure,0.9930083721394408,0.631136882776368,0.6144302531674464,0.9471528462637699,5617,19,234.586654829782
temperature,0.8816582296648322,0.801350139055864,0.7744784625287556,0.749336788407654,5238,2,162.33797435662044
heart_rate,0.9479335142370795,0.8744071566120997,0.8419922271462693,0.7648011303410692,1800,22,172.60651458627856
heart_rate,0.9392360322103803,0.5810332140479346,0.3891297963620493,0.7469591378254099,5040,18,128.05374130865553
temperature,0.9116392542354054,0.7108909310359083,0.8386539002344578,0.7540061886607557,1648,24,137.38420233030683
temperature,0.9113501181969926,0.822264919307103,0.4683401106433232,1.0,2736,23,139.240627477531
temperature,0.9364741613640427,0.9427460378063571,0.3876422831279169,0.824954119436208,3958,49,130.42280815115274
temperature,0.9212594957032583,0.8198725996984938,0.3931792856219086,0.9394826809487535,3678,28,144.42209878201416
heart_rate,0.9637970359879379,0.8358946786832318,0.710952710863199,0.9137117711445787,1366,3,160.30262297204442
blood_pressure,0.898958393983153,0.6785294776802262,0.3601647508041096,0.7648945257860214,3294,15,130.61041400125123
blood_pressure,0.8960345341977838,0.6190733004400902,0.7382130295335201,0.8943064748466147,4427,41,252.32358956568982
blood_pressure,0.9434526259427379,0.9363493675727552,0.92108735137968,0.8629317336824053,2306,42,263.89848307866987
blood_pressure,0.9135686281786946,0.650222867893523,0.6437808920084213,0.6417201587445195,4504,35,207.27221025008947
temperature,0.927511401806525,0.9381242216645572,0.47069648552939913,1.0,4166,32,152.6349270844417
heart_rate,0.8984612755386028,0.8855517959585351,0.6819211819146852,0.8912020364976051,5092,35,218.3342293440364
blood_pressure,0.9980603264073261,0.9481967052822731,0.7646587863887255,0.6282678957122199,3685,25,200.2299162257787
heart_rate,0.8822125024696916,0.83834937777436,0.6981915852661696,0.8693400094840852,5880,24,225.0067630413472
glucose,0.8910402287413571,0.5649183708914335,0.4809252856556021,0.8258261283250894,2336,33,192.06400087294233
blood_pressure,0.9201093953528269,0.8933667448001321,0.3279199227761018,0.6969073213229148,3431,4,124.23049203376887
blood_pressure,0.8879903329141675,0.9004722607709299,0.4209556118010025,0.7253611137744786,2185,42,147.35635459802856
temperature,0.9801626878218096,0.7810540604986372,0.7388417453898481,0.8337144758101686,2926,37,170.8548677476531
blood_pressure,0.9165288774420471,0.9141311197014929,0.45087464787109666,0.865718363794904,1171,18,137.099189343907
heart_rate,0.8634120101534902,0.7386420341292596,0.3673254496487039,0.8539593571947222,4680,25,139.6312620320991
blood_pressure,0.9678526008307605,0.790429815361939,0.5192656457746003,0.7564996526412864,5251,25,188.91949253798754
blood_pressure,0.8673729530500933,0.6161402304740393,0.49812169345409596,0.5300871836613795,5428,27,149.8824909565066
blood_pressure,0.9134700024876192,0.9423065827247248,0.448201691866902,0.960765745375262,3257,43,193.69836281445296
glucose,0.9357499370600175,0.5796510624888231,0.1367789441183076,0.8443361895443882,2767,3,108.23510952064478
heart_rate,0.8987141367271062,0.7073953720649953,0.6765794259080022,0.7261828022716525,3799,29,169.58286561429958
heart_rate,0.9342071279873675,0.6503547608307019,0.6181567234880597,0.847699415256312,2519,7,158.52478088853343
temperature,0.9319158095255389,0.7586705944347573,0.6560972281497736,0.7666404999142056,2448,7,125.60105943910453
heart_rate,0.8966064170581469,0.8526962823150237,0.4561935400029335,0.7592405252899999,4160,25,150.40973850680976
temperature,0.938733067373261,0.5477639769885344,0.4022544884509139,0.7182611294014344,1022,42,99.5686953672334
blood_pressure,0.9126584815337415,0.7990129217333855,0.5769378200932557,0.8075438312248416,4998,43,224.66712684349804
temperature,0.9203905954864002,0.9506345067416676,0.46090924023899194,0.8966246674900074,5362,45,166.71304409247188
temperature,0.862412133041773,0.7343058389360144,0.7185367325608213,0.887731354961293,5814,38,213.7691402834859
blood_pressure,0.9040592461167635,0.8905819249505608,0.6704496228032292,0.8071432339849202,4344,36,233.74607061887315
temperature,0.9170136123462463,0.9250163838192256,0.7535709237219025,0.7992820750119708,3330,5,140.15997746488722
heart_rate,0.8697232243874945,0.8056110255198913,0.4931456452395263,0.8194515104860546,2843,3,130.49168052559597
heart_rate,0.8694179782387315,0.7412114307994144,0.6661326044985083,0.9227132062877522,1786,45,188.00442685993067
glucose,0.9298985269283058,0.5580795901118857,0.6608467026181354,0.9310193522385563,1511,33,216.29560650661185
blood_pressure,0.9434526259427379,0.9363493675727552,0.92108735137968,0.8629317336824053,4616,37,293.9745970855901
temperature,0.9426874399092231,0.8362370804414019,0.4929934499721782,0.7268300369490273,5186,46,155.7463165364666
temperature,0.9019291358910071,0.86713757482115,0.7226676756348438,0.928209928735757,2775,19,160.6667448054279
blood_pressure,0.8996352023356733,0.6164630465658892,0.5309834156615192,0.8293649814571021,3593,26,173.59772725644808
heart_rate,0.8863954968921189,0.8071633610950875,0.779715129243668,0.7603823010675226,2153,17,152.39207408744738
temperature,0.9239395183508481,0.8773959787900718,0.7546540844495212,0.6336528150024883,4738,49,175.60550702008624
temperature,0.8783481725829251,0.9370261253223132,0.5504848486004867,0.7080092347144101,4940,7,122.03003093531579
temperature,0.9048876776026961,0.8521528292870197,0.7047664423359479,1.0,5039,48,214.48834763265413
temperature,0.9246620643310645,0.8871628121895418,0.17045423691387404,0.9498689016356919,5924,21,115.07276516936314
heart_rate,0.9415838392924955,0.7750632959252437,0.2747617565462921,0.8316941317156602,4806,45,144.61102302075508
glucose,0.9437694076789244,0.9869623033771998,0.4898334811842839,0.8879168784711626,4895,18,224.29966919713578
heart_rate,0.9093671402233146,0.9201866342396005,0.5365409799616292,0.8175869735158389,5144,39,182.7039322035261
temperature,0.8830112424348706,0.5472321996829487,0.437287542667034,0.6963875636806558,3184,48,115.41025858326923
temperature,0.915033567346593,0.5009793692569104,0.49088930347082127,0.6916761339458048,2370,30,96.73545724889013
blood_pressure,0.9318881959056857,0.9453105269803671,0.47211415287942776,0.8922940716565103,4941,37,210.31967597582644
heart_rate,0.8662246112276326,0.9653994251332743,0.7114964828192878,0.7992957340224025,4711,22,193.6638674765227
heart_rate,0.9071113531432534,0.8473962667810325,0.6365689983958611,0.717663799542624,2541,37,156.4106980157894
heart_rate,0.9098002817236214,0.9093631527815502,0.5122004569668244,0.8504011375557862,5339,9,165.19678144762875
heart_rate,0.9529228115943825,0.7169745060981348,0.8063012779848884,0.8010939727659291,1646,41,193.86361206760873
heart_rate,0.9208170345701202,0.7141577088710479,0.4037780977912064,1.0,1831,3,126.9179213297616
heart_rate,0.8881633907870085,0.8942273746142887,0.7818656674106657,0.927520189236746,1180,28,178.8369521626846
glucose,0.9585852936517882,0.6876051730505351,0.6108794216503195,0.9118636852937021,5237,37,285.9428455555066
temperature,0.9251002035441414,0.7995551571904173,0.5180153144159416,0.6528420211151965,1900,41,121.4206122026325
blood_pressure,0.9133029431357177,0.8952145086254378,0.6799326596196213,0.7191598731984891,3574,9,176.93918925676695
blood_pressure,0.9272988542542396,0.7704535654963167,0.6801416741954996,0.7057691802178687,1630,36,168.05384373173868
temperature,0.9585349912462003,0.7151682905622497,0.6715717559336198,0.7597018664177523,3231,6,130.88867625788336
blood_pressure,0.9028659241929594,0.8364310780971669,0.8486295986333043,0.7578897441591262,1600,21,202.096038283827
blood_pressure,0.963382386910819,0.8293381411528993,0.44035856091083475,0.6721817605302645,4279,31,172.76391268951463
blood_pressure,0.9423810163330057,0.8347607616519154,0.613907758823978,0.8117968954772501,4235,36,210.35607704079817
temperature,0.9549674296389667,0.7867700273503628,0.6387568892686661,0.7148187777905145,1136,20,117.38422345625976
heart_rate,0.9078236876508254,0.7320877921832811,0.6938207251893825,0.6076557682232389,5181,36,173.7888913176447
temperature,0.9061673634356658,0.6589408118559587,0.7284108921064949,0.8134326584387928,1526,35,144.15907283552812
glucose,0.9552441290928124,0.5832216734853807,0.6074453166451985,0.8795149672179333,4932,1,227.91539497348077
glucose,0.9247523718938306,0.8909883202689896,0.5877928398086476,0.8752726954815679,5459,6,228.37766734228768
temperature,0.9409054462282223,0.838979244090819,0.24998004166667576,0.7392720408881438,4458,19,98.09124403336638
glucose,0.8988720375137067,0.8449508591079593,0.4656317838182925,0.7505512267262691,1971,23,163.41701154550185
heart_rate,0.9752520934003193,0.8562450255988245,0.3249695886902661,0.765299984684984,2906,44,129.76376837832188
glucose,0.9046336946765677,0.7344571944677588,0.57412281432521,0.9530145070218594,3915,24,244.12223490520904
blood_pressure,0.8632733213857159,0.9175342612717562,0.37362018553278,0.8941883228856886,1512,38,140.90675463115514
heart_rate,0.9634721437305296,0.868941157934453,0.6787786883422509,0.8045274241920091,5101,20,190.20327386492863
heart_rate,0.9509485727403117,0.887032577154019,0.5356746146660794,1.0,5247,29,204.81539735314183
heart_rate,0.9075196449774938,0.6685445204971272,0.2550982080587268,0.7424337990895671,2863,46,119.97303376003849
heart_rate,0.9289734816422273,0.8712679642491087,0.5882556547928278,0.8043253755297589,4703,17,191.19860401330288
heart_rate,0.9360857537069543,0.9186256004214556,0.5423995537544707,0.8815943582306773,3785,16,162.8774508650971
heart_rate,0.8621795916855679,0.973447944199572,0.6566846075912685,0.7398701088945729,1207,41,151.71366151713303
glucose,0.8970257376370281,0.4897867438438259,0.8475353352381038,0.9897891642038845,2183,33,271.6294208972936
glucose,0.9155165183218182,0.5946224074651288,0.21369038803359952,0.7532133266003265,5150,45,157.43414473254973
temperature,0.913163706302076,0.9758688155754499,0.6508608546954965,0.836237467788382,5195,46,182.6676298472148
blood_pressure,0.9869171519093504,0.6984946470779148,0.810850799384091,0.6082547914294498,1772,38,192.9862281566451
blood_pressure,0.9287690541739353,0.7026395415428226,0.2784563696539572,0.8149242489623454,5672,28,172.1552179475758
heart_rate,0.9235089419726615,0.6682520865821769,0.13471963744232665,0.7397119247494508,5235,49,114.58995279531172
glucose,0.8830218291848451,0.755338692203515,0.5903244927766693,0.8805304872827573,1149,11,176.5997495032394
blood_pressure,0.8807392366397098,0.8647306841006919,0.7035197838042655,0.9663590186006366,1284,12,192.53558100858385
blood_pressure,0.9138717420826411,0.9115741211206918,0.5716019514298051,0.9308622003160898,3904,12,182.92393146668184
blood_pressure,0.9635966959014428,0.8677197238919252,0.700195767315492,0.6049284382311174,3447,24,176.34889876586084
heart_rate,0.8886136210375086,0.8588585625129457,0.40429485989922814,0.7038506822622436,3250,46,133.1281099645735
heart_rate,0.8952434501849381,0.9011286217198103,0.4717166374614559,0.7563292933091895,3948,35,153.2259185858182
temperature,0.908687141454464,0.7392146010932318,0.6625075360515458,0.9001796465121579,1935,29,143.3071653798158
heart_rate,0.978109130417803,0.8143675801908293,0.7824138353490431,0.7891701515088545,3822,16,193.8433130530295
glucose,0.9095171174282835,0.7872952990804118,0.3948541727739627,0.7188594596842164,5828,22,184.3032391021834
temperature,0.9096191030499928,0.7693330444266321,0.5947984239946537,1.0,5605,46,213.59182059307818
glucose,0.9148188749230186,0.9315080934019107,0.24797417900621177,0.7624379047268209,2214,49,144.91405376968746
heart_rate,0.9584762389921776,0.6929662104250731,0.8369498299580649,0.8747109255302981,2647,36,213.82376819530208
blood_pressure,0.9108064462172922,0.8148221957428371,0.7690580801624806,0.7498055193612485,1342,25,175.7048420906699
temperature,0.9585349912462003,0.7151682905622497,0.6715717559336198,0.7597018664177523,2339,7,130.60248740149282
heart_rate,0.9147122485804388,0.715050246002036,0.38928908474859125,0.8959849010955236,2990,17,137.20315819371967
temperature,0.9147676362778101,0.5923109853596054,0.5039249760272368,0.9277286643066552,2803,29,130.50194629216233
blood_pressure,0.9606383190747207,0.7686469941657775,0.4321797099786431,0.6338691456321529,1755,48,148.98889082885464
temperature,0.9045384496246808,0.9386721367477946,0.6684860510762157,0.9485293925064249,5680,47,218.99101773461774
heart_rate,0.9382430560938531,0.9055682342009945,0.7394975580706961,0.8514074441115886,2837,20,181.339625217102
heart_rate,0.9505861720555377,0.5946368215509168,0.4281424662898777,0.6271696442062765,5240,15,133.06158656162387
temperature,0.9079981898754899,0.6787305565734304,0.2829119870638523,0.8110161814318148,5353,11,115.57708397927253
blood_pressure,0.9680924458388134,0.8961530094100812,0.8515994831136876,1.0,2745,49,295.5348083284871
blood_pressure,0.9312992632921001,0.9905055837107041,0.5753276062943486,0.6744115241619514,4119,41,190.9728019535647
heart_rate,0.935547603596733,0.8220242917192825,0.5734106122987608,0.8191078052897626,2808,23,160.17601559160576
heart_rate,0.8885409227289022,0.8940772875595766,0.5347240123161572,0.9843806945928937,4337,49,206.31170623700612
heart_rate,0.9305086904629936,0.8455029724186848,0.7845743882761814,0.8753514856320426,1874,32,190.80969587479416
glucose,0.9426177720588574,0.9669434605210392,0.6198720704484221,0.766904553557838,3883,23,225.6521885055463
blood_pressure,0.8879903329141675,0.9004722607709299,0.4209556118010025,0.7253611137744786,5574,37,180.50468398964466
glucose,0.8935866442991001,0.5783297706934342,0.3846076894195624,0.8567797953036752,4823,26,189.05909528835844
blood_pressure,0.9092459604340002,0.7775764232666087,0.6092140538078527,0.8396814340813729,2489,16,178.01916620634046
heart_rate,0.9701813527348461,0.8820405348060144,0.5718131733127603,0.5543691791667797,1273,36,116.03502484734287
temperature,0.9348837642827232,0.9356459515363146,0.7989390655691253,0.877068344985889,5865,5,183.55448807772555
temperature,0.9146791326687794,0.884038324077069,0.4425986617370838,0.6557776655032106,4743,1,103.59691876446422
heart_rate,0.8705827122794616,0.5650173687709914,0.34003882572887484,0.8945559431839926,3517,46,149.32953648540777
blood_pressure,0.9040262190293425,0.5498781840969857,0.35603433892337916,0.7645467304501086,3449,32,153.81988293553184
heart_rate,0.883040325658941,0.9366171787242064,0.3071490437069156,1.0,5056,45,163.4678373101375
heart_rate,0.9027027877882863,0.8206365391074899,0.428158798158095,0.9070474928633756,5281,25,173.01638186679517
heart_rate,0.9708307880497282,0.7758542153232411,0.6180683833503235,0.8257173849946507,3181,6,166.76818034903923
heart_rate,0.8656367184314149,0.9674969643296331,0.45355970728634426,0.6953843228345487,4918,12,140.05259122778486
heart_rate,0.9341358201594967,0.8419468325073434,0.5927946903179762,0.779281848619427,2590,26,163.21808469938213
glucose,0.8644515195856133,0.7428079621386049,0.46130971103734414,0.4916444228300522,5822,24,162.11405287916034
heart_rate,0.8713411114783713,0.6335319302288636,0.791404663468956,0.8371066306706137,1004,8,155.4146479152222
temperature,0.9126005302886718,0.7007769189593538,0.180574586744472,0.7130017030130479,5189,23,107.35070175547106
glucose,0.8943365677045311,0.6321948529370199,0.7191015149162537,0.7635733281275107,2959,19,224.56809720174022
heart_rate,0.9583774880418537,0.7592245230827787,0.6700825846667806,0.8772724163672645,2367,46,197.09663682301465
temperature,0.9141847439439892,0.9356439571296127,0.6274357594092257,0.6270828323007945,4131,2,126.0240895486022
heart_rate,0.9923543170742236,0.7224084197105092,0.7631486301426105,1.0,4184,13,230.03617314687872
heart_rate,0.8751578331363166,0.9333981367658347,0.43227204742797076,0.6803658707431476,3339,4,112.35069820519706
glucose,0.9244982983909995,0.8341012895512635,0.5308621304548435,0.7297679134420022,5922,41,234.1351998896514
heart_rate,0.8705334146672411,0.9473690006079115,0.5717443138478817,0.763055111796737,3677,44,174.08741606911826
heart_rate,0.9661593396377687,0.6774664758104764,0.5914713100259119,0.6689473998241395,2984,27,152.33585240731466
heart_rate,0.9516836799308441,0.7999119396173128,0.47599820039446156,0.8574303196580465,3934,33,182.66662022605314
glucose,0.9414753985668484,0.7456304032869521,0.3598034651699273,0.7705374203543632,2044,2,133.19132219056027
glucose,0.9694587280847325,0.779309255557891,0.4697678437140652,0.741880525696005,3111,29,185.26318851222197
heart_rate,0.9266497783923398,0.7377367563346758,0.47997349431640135,0.8381991099352527,5969,9,162.83251058784913
blood_pressure,0.8936512657058063,0.5407768716114327,0.39153778830653035,0.6088386645378108,3121,39,132.62136453819494
heart_rate,0.9379515859800317,0.9299428371394092,0.5319355241251924,0.7285251412768337,3005,9,125.87087044830471
heart_rate,0.9213644946700476,0.811282679027579,0.7934475855551253,0.6889584968357773,1045,15,137.49714003345312
blood_pressure,0.9776361937394649,0.6483416135259231,0.260678149780969,0.8981761081913461,4156,15,146.23505289420027
temperature,0.8684066593780101,0.7379992352893384,0.4588027565633232,0.7569494465584569,3478,46,125.0677594722542
heart_rate,0.935554343641555,0.9641032973646987,0.46726215019768147,0.7013226595988684,1296,21,116.06695578912353
blood_pressure,0.9624210014872063,0.9521799779416895,0.8248254991829274,0.7663336399199706,5034,46,283.6157402769868
blood_pressure,0.931701700236083,0.7357416294958539,0.49244573677634473,0.8557078119737284,2043,9,154.8963285785104
heart_rate,0.97295892735213,0.48959761111555744,0.6667310251491517,0.8446225312888435,2095,22,156.2521810503309
heart_rate,0.8724218367394068,0.5818456247407494,0.8394280473989261,0.728231258502392,1063,22,142.23697157860977
glucose,0.9124847488254535,0.9306446919907984,0.27887114430625054,1.0,5923,40,220.30846413898436
temperature,0.8749634346115623,0.7984205225629949,0.817402974030272,0.8493198102360684,4338,6,163.54032100978583
glucose,0.9694587280847325,0.779309255557891,0.4697678437140652,0.741880525696005,4684,30,197.56647297180703
blood_pressure,0.8958648585455223,0.7019981069886003,0.3362551980397998,0.8314542525904247,1987,39,136.2909495934899
temperature,0.9404508217357034,0.7383834930414249,0.712367113561981,0.7358752568094197,3913,44,170.43051225924194
blood_pressure,0.9702401088192417,0.7526207876528779,0.57158126780044,0.7548490379514703,2211,15,161.74755563219824
heart_rate,0.9071113531432534,0.8473962667810325,0.6365689983958611,0.717663799542624,1522,34,141.7979674099644
glucose,0.9663823185238306,0.672133615021646,0.5708325641759875,0.7545467875739326,5424,40,252.0470859764905
blood_pressure,0.8509637209102746,0.9519821616008922,0.30323685195641303,0.7754530423844536,1150,15,112.26179030281246
temperature,0.9239068723121892,0.9731721662336362,0.6226146294512517,0.9033791760833288,5806,32,187.3758962375785
blood_pressure,0.9086583375983075,0.8219555974042381,0.7032856812678467,0.7417566167322326,5969,28,231.2664463366301
glucose,0.8750793986695418,0.9496617818544394,0.5660686027912681,0.7174649477556697,3121,32,184.86543010574874
temperature,0.8937758853526386,0.5186904641333093,0.7105402655145932,0.8386241419505981,5982,44,201.458525919811
blood_pressure,0.9020783981672271,0.8097083966776552,0.5494211884894868,0.8079207563798284,3591,12,179.96493039262444
heart_rate,0.9350935168429304,0.6656122045194521,0.7612754285794413,0.7431472671582634,5930,26,220.97936305790944
temperature,0.8987569304280966,0.7095404487487879,0.5117179943503306,1.0,3554,16,147.39609637973885
blood_pressure,0.9217551457763415,0.6410708993909948,0.8142356424521959,0.6974205822387916,2652,39,219.6636352732571
heart_rate,0.9309976795485645,0.684882020825148,0.543271684447287,1.0,5593,48,222.42146451442414
heart_rate,0.9706809688414044,0.8267809147845755,0.4985901716638558,0.7247374784410674,5648,38,173.2505441089546
heart_rate,0.9014718444157417,0.9939814626425543,0.6020763032305086,0.7052700593984353,4087,5,151.38329749983552
blood_pressure,0.9363157277396009,0.7564609971955444,0.7306097419529801,0.9055084969909261,4899,39,265.1620608277629
temperature,0.9065948365769514,0.6786364160174522,0.5784140283002762,0.706457021284371,2126,42,120.99006479049856
blood_pressure,0.8492098420857895,0.6959023042602422,0.7828434145054523,0.8905473211974758,3576,8,198.7589403750451
temperature,0.9574822885635897,0.7891690761890023,0.12885681934957077,0.6429922781033773,5424,10,76.99305405797695
temperature,0.9457653029659887,0.5573322862381032,0.4534223563234899,0.8500294514005081,3232,43,134.1433589925377
glucose,0.9327793349319142,0.4850129581468014,0.44096559520560097,0.833395784964574,3804,40,202.22948015987268
blood_pressure,0.8550999367849407,0.8272622136821739,0.3615352635176598,0.9025363854084985,4031,30,160.68757033848746
heart_rate,0.965036722395586,0.33876081422551135,0.6069534043814515,0.816910701649453,1557,19,140.02016468209837
temperature,0.895322504394956,0.6480418303421029,0.5299305686121449,0.7520072725739259,5484,3,125.88805367005897
blood_pressure,0.9487016902929766,0.647626193456695,0.3615643631214336,0.8722573318347319,1724,16,131.49284826342623
temperature,0.984010861247815,0.7786712919582254,0.6111602662303808,0.7260919563468694,5195,9,141.44996741435392
blood_pressure,0.8876809926654995,0.8106340832273063,0.31043111676762475,0.7365233824182595,3592,46,156.9229574120655
blood_pressure,0.9312992632921001,0.9905055837107041,0.5753276062943486,0.6744115241619514,1187,31,158.3322742716118
heart_rate,0.9754521500722291,0.5235754727593864,0.7460292622988797,0.7893681443672834,5480,15,203.82294660804274
glucose,0.9124847488254535,0.9306446919907984,0.27887114430625054,1.0,5427,23,196.11681629677776
temperature,0.921243712288471,0.5409156689373298,0.6954677124298879,0.8137934260089571,1456,38,144.56028342912293
temperature,0.9287634495487858,0.8864093557394369,0.7325145095748682,0.8425357669606288,1861,4,132.20902529496087
temperature,0.958265316518901,0.8322012845199814,0.35568935943852403,0.8841437770545438,3706,49,132.94458615288815
heart_rate,0.8525276108340866,0.802048062786315,0.5100020428993816,0.7690810085900346,3679,48,158.912034834704
temperature,0.9241579469269987,0.7549757752327639,0.42213382295494795,0.643349824024001,5791,11,99.82146853823096
heart_rate,0.88784957994358,0.6242502901439784,0.6826394971115222,0.6936459427433732,5630,49,214.422883869718
heart_rate,0.9119883488051117,0.9605177026939685,0.834255349079681,0.6303621340893862,2999,12,166.47748284003427
temperature,0.9258053102414121,0.7872291763935481,0.9772714461779044,0.5360295044829471,5464,18,173.6410458365901
glucose,0.9090126087949794,0.977063495581617,0.6638674672411828,0.6014169004596434,4462,38,224.31539442700475
temperature,0.9122369579302799,0.6373955158912961,0.5433623980295563,0.618889080282233,1336,31,109.56196636334097
glucose,0.9140837415750974,0.8306626183628352,0.3248085630713586,0.7740215602086444,1305,11,124.75315021042469
temperature,0.8787316576345044,0.8019391075775041,0.6619139188702192,0.6727205756848299,5616,31,165.4790345800537
heart_rate,0.9169062729988501,0.9576038434376968,0.6258734997823219,0.9674761372124869,2958,18,181.53275078863922
heart_rate,0.9392360322103803,0.5810332140479346,0.3891297963620493,0.7469591378254099,1072,33,111.72878117753278
glucose,0.9116430827343627,0.2888979281646037,0.6130776384465717,0.9086378290987435,5304,19,244.5479113526978
heart_rate,0.9208170345701202,0.7141577088710479,0.4037780977912064,1.0,4122,7,146.42659038162031
glucose,0.9552441290928124,0.5832216734853807,0.6074453166451985,0.8795149672179333,4290,46,259.40038919837804
temperature,0.943433142090062,0.8727494300146845,0.675453764170323,0.8502598251272949,1106,43,149.09036016715132
heart_rate,0.883854434744761,0.9706472124378761,0.21092664565877944,0.8750870172830276,4411,42,140.9863804873924
glucose,0.9254215395510454,0.8422792421221587,0.7786729380833651,0.9507546510523358,2095,6,224.98371954005455
glucose,0.9301149253367086,0.8644532060237196,0.760747324075402,0.8611378420637846,2915,37,245.07889192530547
glucose,0.8935866442991001,0.5783297706934342,0.3846076894195624,0.8567797953036752,3670,17,178.46978506843564
heart_rate,0.9489676764676723,0.8918838305369448,0.31765377272837614,1.0,4612,10,141.98732926455023
blood_pressure,0.9326607382116293,0.5832749408816276,0.8617757691803785,0.874913024273473,4450,18,241.03383745158828
blood_pressure,0.9038418457701682,0.902722890663163,0.7208510835343905,0.6979327214444909,4136,41,226.3192729709863
glucose,0.9562878816822832,0.7129976701133938,0.3292581820852324,0.7825620778076647,4296,27,173.173239459827
glucose,0.9748998516177324,0.8022733323082036,0.6999465990887779,0.9269838376481253,3913,9,250.5767811655055
glucose,0.886293689266221,0.7986054367915549,0.7415178400567007,0.8986038300849752,3862,6,228.40341801917893
blood_pressure,0.9437463256564683,0.9216230514451055,0.7027327352457483,0.8231063980108484,5704,31,254.48901303493307
temperature,0.9343818459427417,0.6302634487038168,0.4461463599202407,0.8541039432094795,1129,42,116.8608000656336
heart_rate,0.8703380410370949,0.799480076287644,0.23935618945094597,0.7884719961479153,3990,16,122.48426908014432
blood_pressure,0.864556675869537,0.8870221812327916,0.3462240834995498,0.8523443967898326,5998,33,169.28179349670282
blood_pressure,0.9280996021226049,0.7045874015002325,0.5529789486751641,0.7199476517863233,4838,39,194.65312887690334
heart_rate,0.9653511553737113,0.9598945486147611,0.14430122211976604,0.805065706140658,1347,18,84.30962533281232
glucose,0.9766120458830118,0.9179364195235504,0.697440354051682,1.0,2676,19,246.79583715860596
blood_pressure,0.9110142229877273,0.5603676719405142,0.388224198380573,0.7329471485101546,4122,36,153.42007218866857
glucose,0.8584929114144368,0.874041073965142,0.6507799386589441,1.0,2163,11,206.5443734334339
blood_pressure,0.8958061921285538,0.9544683647794222,0.758101150108908,0.8579172687489711,3568,49,248.94381686548175
temperature,0.9129671928865297,0.8581336680374742,0.5952054482128658,0.6646489854314905,2687,36,130.42596858007352
temperature,0.8975806348375657,0.9041349166102751,0.5956199620528927,0.8296632734149543,3894,9,128.02873836751638
heart_rate,0.9197441746225378,0.8189176402516022,0.2841947839865581,1.0,1077,32,120.65649806830997
heart_rate,0.91543600203735,0.5797860460168135,0.20977670326716377,0.9853180645235867,2110,9,106.36143125476161
temperature,0.895903284817314,0.9272825026759672,0.7213840320758977,0.6499229169744912,4375,48,156.98394203770323
blood_pressure,0.919561184897905,0.5111725027065877,0.6831730985227592,0.8626281294475535,2200,6,173.67493071462277
glucose,0.9219417812358491,0.8377135128941601,0.8755309796075604,1.0,5871,45,383.0718687447837
temperature,0.9147078058064174,0.459170468596777,0.34881412798724043,0.9191376297597291,5079,6,121.30956615542794
blood_pressure,0.9228652005732009,0.6539911185046338,0.7201032056375704,0.7976514736759359,1405,32,186.29646935267442
heart_rate,0.9000558150629495,0.9567786740472723,0.6980664447151095,0.6893998875353161,3535,45,178.08864513038122
temperature,0.9569616027335694,0.9457038763648289,0.5507779556240332,0.6862962528701605,5950,23,148.88273288565497
blood_pressure,0.9563428657170683,0.7001607925160478,0.6314162280066805,0.7668778491870425,1402,9,154.7103412979647
glucose,0.8780480747108195,0.49085477914988435,0.7865850369393615,0.8544980890099945,1569,37,224.38800467440757
heart_rate,0.9753099652909439,0.9784149751354645,0.5374768905620169,0.7114350090143083,3932,27,145.0837662775504
blood_pressure,0.8910703483237887,0.9464907381868879,0.4297298088692348,0.8179063711542013,2230,28,142.89723806068457
glucose,0.9713766795693921,0.8100830451683123,0.4872597462276197,0.7318214194965007,2599,3,151.0761549579935
blood_pressure,0.9396151416287751,0.7417913645127531,0.4293018269408334,0.9487526471902901,5015,8,183.91626534443026
heart_rate,0.8840749273070836,0.9233419723559683,0.12055173116386797,0.9860218640474793,3231,13,104.7690057226387
blood_pressure,0.9132200499473978,0.9229531669726063,0.4767629138259844,0.7287833263294017,4011,20,165.5036088941764
glucose,0.9405069554920455,0.8735202936520684,0.4079791257479372,0.7107762655263248,5032,37,194.6475828127596
heart_rate,0.9023605954221108,0.9578951421359077,0.923401807706494,0.7793854818498956,5010,31,227.7434498673971
heart_rate,0.8715994924983399,0.6548931474309072,0.45550247209165406,0.7638496629503564,3424,17,135.4923983003597
heart_rate,0.9365665827980632,0.7083223395835692,0.7612458318015821,0.7284078267077361,5474,35,210.35839484959686
temperature,0.9586986384096454,0.9044808333438321,0.3947405970101981,0.6474077817118595,4862,5,113.63542133180462
heart_rate,0.8693349425174649,0.7193110225430603,0.7664464510069833,1.0,3687,33,214.0218662324719
temperature,0.8688540911993642,0.5548778465220334,0.5244626505538837,0.6360508073850589,5007,9,114.57008132533099
heart_rate,0.9676501661879069,0.740689861935437,0.5618308010720517,0.897612687214874,2179,49,183.5964200092402
heart_rate,0.9486820052257654,0.5957179480766288,0.47989596304917886,0.8929970534159174,2763,35,163.6365461303109
heart_rate,0.948070027459023,0.8554086212448311,0.6757723913191112,1.0,2911,43,214.44608559070878
heart_rate,0.9398415306269154,0.764205691345526,0.7035008877891223,0.9352470771061933,1186,38,177.87839471120694
heart_rate,0.9330416345766025,0.8130575896464063,0.5967543537770533,0.6180542023057369,1275,31,120.08370629412545
blood_pressure,0.922573259373331,0.4470643430436706,0.3715588701999337,0.8682179551991284,5653,41,193.7375648998909
blood_pressure,0.8620238399653724,0.9620011434647946,0.4905400777034837,1.0,5364,25,215.23793105966993
temperature,0.9490695062785219,0.6142786603051463,0.7775413844333854,0.8748232350670443,3194,31,181.51802690799707
heart_rate,0.9385467079867317,0.7835703640121494,0.5061638637795934,1.0,1418,35,162.15469433037768
temperature,0.9315321063140124,0.7302435349908947,0.8267010770604551,0.8502565365382108,2968,34,176.20810481674613
temperature,0.9038042453994646,0.9065561882960624,0.33552352256414003,0.8385105664752436,3497,20,105.64181339862391
heart_rate,0.9208520781446675,0.9007197105842359,0.28566505441417356,0.728558886054243,3665,3,107.23527305550844
temperature,0.9648234753858578,0.7541598660632985,0.7552882825187232,0.8908922150152608,4493,46,202.18998619424957
temperature,0.9222564460279201,0.7464210574078195,0.5389410212435969,1.0,1157,10,116.78404516223847
blood_pressure,0.9367171429674871,0.4183045195603254,0.8650097517770053,0.7581131653340838,4158,25,240.74328358309103
heart_rate,0.9389885882392727,0.5619350699324313,0.4799426893218039,0.7763984996175277,4934,30,164.08059908699022
temperature,0.9151722117167344,0.8617748494948155,0.7485015272502678,0.931896270960814,5812,40,217.04326593109678
blood_pressure,0.9077527596479676,0.8618629198404364,0.23131627520468515,0.7084593976020758,4538,7,118.08366797948432
blood_pressure,0.9508519599920181,0.9014848439862646,0.62814306910622,0.8273428477972794,2767,43,204.52415903891443
blood_pressure,0.963611489125762,0.5690190251227416,0.5264128322875546,1.0,4903,29,222.7699365246791
glucose,0.8805076173831659,0.7968537932717007,0.7775732240118469,0.8853234451720864,5802,2,276.25254717753575
glucose,0.9509497784399887,0.9446623087235166,0.6127953303178609,0.8602131314071305,5516,21,260.168372860781
heart_rate,0.9290628285177065,0.6902950583170637,0.681865655717186,0.818552298023196,1536,7,156.3980454486514
glucose,0.9277442639490814,0.7725643190215447,0.7040810703292265,0.8453361313339398,4456,23,258.02541286502066
blood_pressure,0.8762093344524603,0.6721860300401789,0.27773540210855724,0.9290672083957477,4700,19,151.9865614723997
temperature,0.9086442020261832,0.8656284463219456,0.7538059945450597,0.8252882092462495,2539,9,155.08297767014616
temperature,0.9398311436079478,0.8629089280071081,0.5106579792589431,0.7405134330972386,3672,40,144.00332932993828
heart_rate,0.9032178561418646,0.8475167976450475,0.49061139360859923,0.8980154951384727,1304,48,137.96302983116956
glucose,0.8862857570502508,0.8908970277834244,0.6197547801244054,0.8816332466922385,5098,26,257.27352154535856
heart_rate,0.9212849389869805,0.7477444964379693,0.6525770955824118,0.8287162335162779,1009,29,154.55549005499708
heart_rate,0.941706123984968,0.6359398758754019,0.6762358284134978,0.8030981422039393,2039,9,155.2443167113554
blood_pressure,0.8652110887407785,0.7057503509219404,0.6661735162282876,0.807156895014083,1764,37,187.6763041358568
heart_rate,0.898271145015669,0.7768412239986783,0.6036366344712409,0.9237571156637773,2147,43,171.9246483436744
glucose,0.8750662533603872,0.6203732861566924,0.6596087791999325,0.8372287880238732,4279,36,242.74202037437962
temperature,0.886106004042689,0.9354569043073827,0.5617345003920765,0.7801481930362147,1260,1,85.77578106443434
glucose,0.9013532962527973,0.7357397842595085,0.6897441677783713,0.9709864765899492,1264,46,243.48233844507635
temperature,0.9725740610714618,0.6399477637172812,0.563594044547071,1.0,3066,4,147.25390549981623
blood_pressure,0.9712094062845932,0.8693725540131766,0.4154435371364888,0.8911495384860427,4185,37,194.587472713361
temperature,0.9291191189859885,0.7993477939572272,0.7725500752260813,0.856249639291083,1341,3,135.099906056749
heart_rate,0.8857280861381178,0.8762004310414357,0.44169933907175696,0.8536307689439605,2327,18,136.13571157015537
heart_rate,0.9329039256667313,0.5798937473533804,0.5844361953165663,0.806416666182776,4581,9,161.872267168915
blood_pressure,0.9608133068561809,0.7785102044109425,0.49210104234248797,0.8612038251596985,1403,14,133.79340586912193
heart_rate,0.9135780649720585,0.967459312170354,0.4720704399245439,0.6192502919007037,3865,30,151.10518227520578
heart_rate,0.9122311209475612,0.8831020499744392,0.6452010583305661,0.7937599195057774,2837,27,168.61748164611973
temperature,0.9722780358018898,0.5140207130887654,0.5102757695337846,0.8332540965456022,4869,36,160.66600484855525
heart_rate,0.9246637054258419,0.830621290476785,0.4644285166388319,0.8950587619123733,1424,1,121.58551059703204
blood_pressure,0.9269638137218326,0.944896132320153,0.49741216295111346,1.0,4892,24,199.6070029754259
temperature,0.9517645599469088,0.6960017694800782,0.2881686565868239,0.9064291969179061,5306,48,147.99994882844268
blood_pressure,0.9056748918482271,0.730973895844986,0.4532353765853204,0.8170433238462939,2307,46,172.46841399401765
heart_rate,0.8881633907870085,0.8942273746142887,0.7818656674106657,0.927520189236746,3605,16,201.44161592123953
heart_rate,0.8958078215089237,0.771526486559701,0.5904682105031618,0.7859212552228201,1137,43,146.78920592412706
temperature,0.9155654933656925,0.9470154954202198,0.43517264885590623,0.6432050467458021,4710,2,104.8249410974884
temperature,0.8418259888793831,0.6467966563099737,0.8991595920520197,1.0,5532,43,243.35179290836365
blood_pressure,0.8848088232114452,0.7589790205101721,0.4178638892598048,0.7488478294787553,4938,46,187.7438972945561
blood_pressure,0.8710319572291132,0.6923593781950226,0.451184695623422,0.7947506112802835,2989,31,169.12047286984222
blood_pressure,0.8823038210073839,0.8931501901234877,0.38807562397627743,0.9727818336996228,1999,37,173.96875147756148
heart_rate,0.9170138031270512,0.9473661029452216,0.4794005200667482,0.7020246280700406,2735,36,146.22047949824167
glucose,0.9794818853332437,0.6490459166537285,0.9035732209921656,0.8426784202282708,4351,31,311.98580703670405
heart_rate,0.9085169686002508,0.6456820119774588,0.4318337700042925,0.6587601006766519,3438,6,116.82533688351242
glucose,0.8962369272062061,0.8785658600287735,0.6333645046157119,0.9100993209199849,5828,5,249.4715705886157
blood_pressure,0.9217551457763415,0.6410708993909948,0.8142356424521959,0.6974205822387916,2536,34,200.27627521945035
blood_pressure,0.9092459604340002,0.7775764232666087,0.6092140538078527,0.8396814340813729,4507,42,216.4288186501945
glucose,0.8896364926746634,0.5834113289050876,0.5171068607545363,0.6635058729606285,2134,7,151.77888271789243
blood_pressure,0.8983497098981073,0.7929219854577241,0.43868756130624625,0.894560207788966,1828,47,173.27662956639932
blood_pressure,0.9130408824419567,0.8366176796752192,0.44940664473234404,0.810038316077031,5344,9,180.02184958805074
heart_rate,0.9445767408956489,0.7451990466535551,0.37063079650503905,0.4426652284102515,2393,34,103.41726058226081
glucose,0.9045677888485344,0.7821782672863331,0.41120632188506384,0.8801067320990401,3101,2,160.62167908844162
heart_rate,0.9108577901073642,0.869723652905708,0.6947510333909239,0.8430366071718527,3071,33,182.66926241866338
heart_rate,0.9634721437305296,0.868941157934453,0.6787786883422509,0.8045274241920091,3454,36,198.12951065212658
heart_rate,0.929968896525813,0.466410594419313,0.6841223236693262,0.6484582365924698,4974,23,164.32859716150912
blood_pressure,0.9176171424464226,0.7725351544355792,0.7492619953885039,0.787268518977247,4095,22,208.2835363931955
blood_pressure,0.9165288774420471,0.9141311197014929,0.45087464787109666,0.865718363794904,2083,5,135.01425498334072
temperature,0.9058725360409206,0.8782893567699305,0.7828839961615233,0.8164003939318555,3983,13,165.40595663646644
heart_rate,0.9282584019395469,0.8138191953027805,0.8397372280930575,0.843313826907348,5000,37,237.31970055144188
blood_pressure,0.8910703483237887,0.9464907381868879,0.4297298088692348,0.8179063711542013,4274,26,185.16242324611952
blood_pressure,0.9024516553764377,0.8271387306385538,0.3891799249080801,0.777957448557722,4104,38,163.32690742959673
temperature,0.879618086877956,0.7905155090710417,0.3691757721291056,0.9681494264047621,1911,20,103.25892571858888
glucose,0.9107567406539583,0.9029246397183266,0.30440269887079024,0.8602250966715803,2423,47,165.4956873894888
glucose,0.9045677888485344,0.7821782672863331,0.41120632188506384,0.8801067320990401,3441,25,191.90309677763494
temperature,0.9450310191692369,0.45827712461407,0.9725876074992241,0.8981016707757024,4815,49,251.43080729950472
heart_rate,0.9410890371429652,0.7171736124554001,0.47192152961383477,0.775813270197888,1865,43,155.19779921445684
temperature,0.9025400186418985,0.5243145816052296,0.7736093368036906,0.8421278997783058,3982,28,164.47252196951288
glucose,0.8825183464427645,0.9215868698902424,0.2608781060658763,0.9191234969968095,5134,29,182.7815565338665
blood_pressure,0.8919546841543772,0.7629490905358258,0.7309622193491913,0.7225810915739765,4005,18,198.65810743842547
temperature,0.9332884341050841,0.9922190959044841,0.8085163460637695,0.6272553759480998,5977,22,164.01048545007805
heart_rate,0.9193488302189675,0.7374219305459452,0.49409058142876716,0.5614438155939321,1259,34,113.25072490403711
temperature,0.9202696368020362,0.8873157180822282,0.6397582659670155,0.8707881154837382,5557,4,161.75281146524307
heart_rate,0.9092786574593266,0.7340434050048804,0.44683213053182774,0.5700404607849208,3968,48,133.37081795096398
heart_rate,0.9718125361721933,0.8140217939112474,0.5560140673723308,0.7253993958996596,4618,30,167.60512577318823
temperature,0.9674059260440435,0.8136047884962847,0.8162388195962973,0.8250770406818375,1649,9,157.20857065930747
glucose,0.9349591998230267,0.43414356746138,0.7827254939276842,0.8924078986398032,3919,15,266.89220774648277
glucose,0.9260683760180346,0.7576137961527877,0.4822565390772635,0.9436670754926649,3881,36,225.74137308345985
temperature,0.8973041917880012,0.8805107378173207,0.7869545300436143,0.8481087630093372,4981,45,199.54153651585648
heart_rate,0.9460129666292483,0.9153773448808019,0.28424260395538986,0.8046901832351148,3936,6,106.66868431997943
glucose,0.8984214192048068,0.7042567274069947,0.7213021503821292,0.7875964252342579,5024,10,236.96924522592332
heart_rate,0.9093671402233146,0.9201866342396005,0.5365409799616292,0.8175869735158389,2194,18,144.6917210400709
blood_pressure,0.9183971335858616,0.8450670708821588,0.650105961711333,0.7098738295391158,2355,48,184.05911314404315
temperature,0.8724310845396412,0.9761810023838671,0.6517594744580152,0.8974860170841981,3236,36,156.03316678218422
temperature,0.953248672459673,0.6685106443075215,0.35412395316644296,0.9158031032995008,5412,1,118.26117394670217
blood_pressure,0.9279862233440944,0.7522490868657739,0.43881832023818074,0.8183774702451705,1351,43,157.34704327421602
heart_rate,0.9556778668057215,0.8116378163802908,0.7381923270144057,0.7421756611457858,1476,49,177.80067860528294
temperature,0.9346295774464555,0.667975711972702,0.3431204248581187,0.8315261287175846,4261,9,109.22782199959596
temperature,0.9104551333506908,0.8976846156102897,0.37951342503289537,0.9814077618035415,2150,42,114.12164678576713
heart_rate,0.9119883488051117,0.9605177026939685,0.834255349079681,0.6303621340893862,3988,6,164.45779378373297
heart_rate,0.9077903632403793,0.7210082354501282,0.6068531348620279,0.8238744685120398,3238,41,173.05416724921628
heart_rate,0.9738558912800028,0.8858781658407492,0.6573745281965648,0.6988668138533083,4467,34,189.20681976936464
blood_pressure,0.9328099097255609,0.696172650105148,0.1,0.8909959195707808,5194,45,135.8312912088047
temperature,0.8944526878471192,0.7297905012791169,0.5968624814766957,0.9113706117780321,5208,33,162.85438310342064
glucose,0.9262995652416344,0.9061626951975318,0.5138640051912184,0.8800040082571229,2158,49,217.68093322748547
temperature,0.9302116502901254,0.7947724290092468,0.27245654143292863,0.6957234098630393,3896,37,90.78060917332887
heart_rate,0.8571317916793877,0.5325832672004952,0.7506557206461584,0.6490297443941606,5815,40,198.7051801058305
blood_pressure,0.9312992632921001,0.9905055837107041,0.5753276062943486,0.6744115241619514,5677,9,178.7482645794217
temperature,0.951179514017931,0.9465995801527837,0.7029340951988983,0.9591438164629906,4236,35,174.85698809053505
glucose,0.9840261737928774,0.6576915922707232,0.45894868882097717,0.9603602090397253,1513,19,181.4347258494337
heart_rate,0.923431528255243,0.8078252517948047,0.24237582494395796,0.8519125290540488,5957,48,161.29462072468968
temperature,0.9369114024235973,0.6237465332990452,0.7423085055557168,1.0,2632,22,175.93069139782247
glucose,0.9448709593635549,0.7447807419712402,0.8693933751583505,0.7833491309107733,5892,44,332.8378857077941
blood_pressure,0.9078599787146193,0.678307022035563,0.43664085998377605,1.0,1943,30,179.24039495057323
temperature,0.94010425162204,0.9197111513630571,0.4282594449060636,0.6556635113401422,2657,42,118.53648515333659
temperature,0.930468378691104,0.8368278909687769,0.7290146082077376,0.8445316457467732,2391,12,146.65053738199575
temperature,0.8868954767823165,0.9568482738372612,0.5005794227421706,0.6437119200353446,3530,2,117.37763904568351
blood_pressure,0.914803653582097,0.8280999790797392,0.577433662533897,0.875349825179851,1572,5,153.15122156295308
glucose,0.9376789771561961,0.5624426860127371,0.6710033499075319,0.7088068809624228,2055,31,207.79894757540706
blood_pressure,0.8863778694993686,0.4892284123659447,0.6483095664628072,0.8627171043706214,1449,15,167.60007349335433
glucose,0.8717188070913797,0.8225473280309122,0.6754957692188839,0.9685632329311795,3067,7,225.46030411987684
blood_pressure,0.9172901876935019,0.8831700775178403,0.3438392751207001,0.9625240123451647,3480,8,138.80535040396126
glucose,0.9211511401355156,0.6957833321419118,0.8213225414000584,0.837939786108204,2379,28,247.33040129434053
blood_pressure,0.9515866843140194,0.8211462631192021,0.6989189859334949,0.6100029553804287,5141,25,193.17522730220125
blood_pressure,0.9336435357938924,0.7353916547893048,0.564016394360297,1.0,3027,48,213.251756259515
temperature,0.9025400186418985,0.5243145816052296,0.7736093368036906,0.8421278997783058,4455,49,201.01619444287635
temperature,0.8991221428324347,0.9013764647217494,0.4969809269154388,0.853550286439929,3076,4,110.2297369807576
temperature,0.916566826615477,0.7910497298918796,0.6889041741473447,0.951823105497732,5733,43,190.61220419082264
heart_rate,0.8732753000379452,0.7982883991009339,0.7310255705048263,0.5927792509154288,1737,5,112.27442618555222
blood_pressure,0.9678526008307605,0.790429815361939,0.5192656457746003,0.7564996526412864,3102,32,184.60957870494389
glucose,0.8910402287413571,0.5649183708914335,0.4809252856556021,0.8258261283250894,5979,1,203.34966190204233
heart_rate,0.9205944454635501,0.7706010262286014,0.6260800077968645,0.6999729948969211,3573,37,156.95972325338306
heart_rate,0.9098453004280608,0.8066888122758274,0.5912436664908942,0.8194285577723242,4931,16,184.5717772984795
temperature,0.9206771810003594,0.8044074537097461,0.32087375214318065,0.7723347294610224,2275,20,88.65287060417224
heart_rate,0.9409348751514643,0.8652176608933398,0.6203123718436281,0.9560252866445154,3084,35,190.96709022273328
temperature,0.8755207945328795,0.932602814559304,0.4297497677405983,0.9370180695000913,5658,5,131.2307260393051
heart_rate,0.9615050526440877,0.7165332931070356,0.368505771146196,0.6284484003121051,4280,14,120.70151993392163
blood_pressure,0.9056078284055388,0.9468027122866934,0.489975521663984,0.6988185465289704,5592,7,168.61515392037424
heart_rate,0.8867205356406734,0.48901193947474014,0.6040304007386554,1.0,2738,42,182.32493448298962
heart_rate,0.9400461540598597,0.9889144892490365,0.5233253484739611,0.8464989484379266,2456,33,154.69281678744562
temperature,0.9780336083244462,0.8322812944064845,0.22381602392034605,0.8420509105668165,1398,24,86.79585813353602
glucose,0.9329790355321416,0.7579509192257815,0.7675478225749629,0.8290818607090307,3001,28,254.31748019093382
temperature,0.974031393122371,0.9251094357654421,0.31169848061312555,0.7255212048280729,1282,49,99.3326446065517
heart_rate,0.8764817024650037,0.751342719960059,0.8734315834310956,0.7645819181733956,2189,40,194.72524884814567
temperature,0.8786409394338305,0.6488089122323503,0.5585341256274419,0.8393595084955332,1578,46,137.74371347547648
blood_pressure,0.9024516553764377,0.8271387306385538,0.3891799249080801,0.777957448557722,5400,13,157.98400031999145
temperature,0.8713481858809571,0.7820797044500231,0.6230207674135911,0.5168619156561494,3081,40,119.67307740911805
blood_pressure,0.8983796513338321,0.8322748920733634,0.5701721815160046,0.8283813441804405,1859,39,181.58294927029922
temperature,0.8529714737797068,0.7998321188693046,0.6000268644071283,0.8982343444817192,3094,10,133.915179378299
blood_pressure,0.9776361937394649,0.6483416135259231,0.260678149780969,0.8981761081913461,1522,10,135.5543035249749
blood_pressure,0.8675313550594852,0.8455095673569508,0.47821048829833035,0.8288419962295255,3935,27,162.99811050781318
temperature,0.8816749956169772,0.672478551157315,0.6545172984354336,0.7460602322054217,5148,30,162.29088401509657
temperature,0.9319158095255389,0.7586705944347573,0.6560972281497736,0.7666404999142056,4180,1,136.7427691947767
blood_pressure,0.9134700024876192,0.9423065827247248,0.448201691866902,0.960765745375262,4524,39,208.36851698872863
heart_rate,0.9255310094950785,0.6141773534679048,0.5180911976171924,0.8748122237832806,3571,28,173.3594209811953
temperature,0.8830866512998298,0.8167013449386263,0.7755633399289497,1.0,3145,32,190.71191538664004
temperature,0.9378097273599628,0.8073468387279358,0.40406620793452713,0.7558941707321967,2892,18,96.17377450865018
temperature,0.9463330653777456,0.6131128356042852,0.5913148158306706,0.844702694918333,1492,23,135.6300854295778
temperature,0.9212951068368866,0.5815401819624876,0.5386616947310087,0.9363578104319291,4258,18,147.12310054842754
glucose,0.9302441051657657,0.44559389477310024,0.649807799750503,0.6854483055753929,4833,32,236.19758616620956
temperature,0.8756197903120422,0.8652458440087043,0.10156487755593868,0.8454093404242972,2011,17,80.21190985604616
heart_rate,0.9153543205707678,0.9039326542429224,0.42092252713461936,0.6684537029967709,1216,3,90.86820166329407
blood_pressure,0.9259273124304456,0.5574359684403944,0.5011415600188821,0.6491362049382605,1328,11,124.62972955533634
glucose,0.9321807575073194,0.8621669576123835,0.5727925620839545,0.7063172310937386,3624,19,197.35656080900847
temperature,0.8944857577743446,0.8010999080881939,0.6032218064516391,0.7869733366469364,3312,5,131.2940770056363
blood_pressure,0.9338715851236127,0.6914178433001764,0.4405188503132993,0.7895479496932477,5284,3,170.40848380998347
blood_pressure,0.963611489125762,0.5690190251227416,0.5264128322875546,1.0,2254,1,171.29036734647158
glucose,0.9367813003193508,0.9658838516963332,0.7303678385602638,0.7303597374636223,2397,46,235.92671477743013
temperature,0.9606238109086445,0.631416145798799,0.4125004065412723,0.5972866637482273,4963,21,116.20220392321154
glucose,0.9796894943271165,0.7675740451197387,0.24101731210624328,0.8357411089083553,2799,44,158.96385305186908
blood_pressure,0.8784410570100093,0.8938901919391488,0.729227180138962,0.9959267011240518,2010,44,225.78064439069834
heart_rate,0.8785783891300744,0.9485173689137064,0.830876313822259,0.7638129072297506,4056,21,194.8775651284568
blood_pressure,0.9538144765197635,0.7213207715081453,0.6264130171637768,0.8479127041323876,4643,17,210.33349416364828
temperature,0.9461489103813298,0.7341491871263424,0.6955542037223392,0.5812583049659749,5409,2,125.78175063062078
blood_pressure,0.9852451350841844,0.6644742730605521,0.3843131370754737,0.7684001106270875,4766,1,158.76114321218884
heart_rate,0.9644700492725974,0.7470476071380415,0.40926280716016067,0.8958729400802482,1313,5,114.21752107953058
blood_pressure,0.938925179279704,0.6121728374343764,0.7747144206829337,0.74021042389422,3537,27,211.81436654554042
blood_pressure,0.8997057131447279,0.7862920401844467,0.7498797189452526,0.6891372979617846,2588,5,175.1783124933905
heart_rate,0.8921715000533326,0.7683154500889117,0.3001445587836522,0.8684748028022526,3884,43,149.20250691117928
blood_pressure,0.9015152201996639,0.7080044052814547,0.6760134157848804,0.8296046474021322,3558,40,220.91147020884793
heart_rate,0.9472418466790697,0.7512951860260513,0.5103840186837068,0.85564963424043,3239,12,160.92415782494123
blood_pressure,0.9612402865722961,0.6822540745843264,0.4161184129168272,0.8244598986055236,3339,25,165.16319298281522
heart_rate,0.9029476285395011,0.5193530662479185,0.9103406565077369,0.9245791779068093,5207,25,252.17643050927734
blood_pressure,0.9392426958421293,0.762874503257522,0.5625438453352342,0.6143394345569559,2156,43,167.57461946178324
heart_rate,0.9294409720026132,0.812592624498434,0.447132411644506,0.8743355108259678,3969,24,152.9431545465333
temperature,0.9469479010715495,0.2929410102602538,0.4836575737736474,0.8968530449310783,5084,20,147.85671915459608
blood_pressure,0.8550999367849407,0.8272622136821739,0.3615352635176598,0.9025363854084985,3203,35,146.38681069018673
blood_pressure,0.9609089068177864,0.9441403546387215,0.7760691392050754,0.8225486397316837,2835,36,226.08978041775435
heart_rate,0.8912384222223386,0.7304035685863778,0.28020891537382914,0.7718668516185401,3879,42,123.15424217007492
temperature,0.9586752631637998,0.8999569872956391,0.3373024252997672,0.9633560340129277,3794,27,128.0497633127229
blood_pressure,0.9160631048094248,0.8370221429481125,0.5829353341645952,0.8350260612493983,4550,13,180.70233356608765
temperature,0.92694129481283,0.8889247561210958,0.48330930541880684,0.8707842542004136,1155,24,112.20892977667242
heart_rate,0.8744175238264121,0.7554632595617146,0.7558607013424461,0.9183498500690139,4054,25,217.29085151154902
heart_rate,0.9349853029085429,0.858337325270418,0.4714748191397878,0.7047732316388776,1839,35,133.7627115108795
temperature,0.9010712688303979,0.46839888320366996,0.5491823365866587,0.7479598441364401,5048,38,157.0779629574357
blood_pressure,0.9403749840356026,0.8230080834638239,0.7779083617352354,0.768049380978633,5489,3,220.12967300143103
blood_pressure,0.9162404221055436,0.8723071164671422,0.6527321039824784,0.8683916567983682,3344,41,216.5043443230675
temperature,0.8649232036679748,0.9133192605658013,0.5094396625007177,1.0,2704,41,137.74126951533324
temperature,0.927509756371363,0.5729901063804197,0.7167351252940641,0.6713556858558813,3631,24,149.22920285407102
blood_pressure,0.9328099097255609,0.696172650105148,0.1,0.8909959195707808,1891,10,90.65908804349714
blood_pressure,0.8816021559031234,0.7445240569191175,0.5885716130033599,0.6167149349328229,1712,26,141.09290455023012
temperature,0.8786409394338305,0.6488089122323503,0.5585341256274419,0.8393595084955332,5248,24,157.68076025900794
glucose,0.8516392861336287,0.7831552422748802,0.2805430445945981,0.8161849558826153,5185,19,162.01598054971703
blood_pressure,0.8762093344524603,0.6721860300401789,0.27773540210855724,0.9290672083957477,5449,17,154.28752372751728
heart_rate,0.9259480754154796,0.8701243790993894,0.8209163630308807,0.8480833180923965,3564,12,192.4304930162489
heart_rate,0.9638422252225373,0.7314801642291335,0.6165982484708992,0.9501890365293119,1382,49,188.50131976290683
heart_rate,0.9057971770448543,0.8954136453250507,0.7552588129441115,1.0,4807,33,244.56665643120374
heart_rate,0.8715355668880305,0.5285842089481775,0.7495850818798369,0.8469211193415666,2456,31,173.27207879388664
temperature,0.9735910050738685,0.8007443472737663,0.7403483138479855,0.8224511344206406,1277,28,127.31905208677239
temperature,0.8418259888793831,0.6467966563099737,0.8991595920520197,1.0,4290,47,227.75794115655836
glucose,0.9393803136803962,0.6599889051950378,0.44635444769839017,0.8570155477406721,2946,16,185.03108900076376
temperature,0.9093563254181561,0.5417282902074548,0.7889780489255926,0.6264513370266118,1399,22,121.39918323114911
heart_rate,0.944546791981408,0.7436846784528178,0.21476184809616017,0.8362106875229274,2761,12,101.08403331215447
heart_rate,0.9094801101110289,0.7573587335078368,0.3453946118868734,0.7543337327974962,3744,14,118.45729831930008
heart_rate,0.9450951820588354,0.7854418359304489,0.7768564049560786,0.8344945363138345,2056,41,190.02246792702334
heart_rate,0.9437482710575343,0.8911181158605787,0.48676816689788294,0.7963233923214867,3784,44,166.43700930295356
temperature,0.9469479010715495,0.2929410102602538,0.4836575737736474,0.8968530449310783,4873,45,162.9054791086958
temperature,0.9120756928729734,0.7932238373440714,0.37082699503146044,0.665695891931804,4061,46,123.7537422459539
blood_pressure,0.9322308485718839,0.9635686617254665,0.660777801425357,0.9872827582963424,3161,38,237.90647651422978
blood_pressure,0.9126584815337415,0.7990129217333855,0.5769378200932557,0.8075438312248416,4737,6,180.3341885436606
glucose,0.880098594572652,0.626183047080132,0.4650892604315008,0.740828361250685,3089,37,165.41104878900396
glucose,0.9255423253353383,0.7820508168639151,0.3716424969853639,1.0,2131,23,176.81626379272865
temperature,0.930468378691104,0.8368278909687769,0.7290146082077376,0.8445316457467732,2415,49,170.1188555519006
temperature,0.9204960325606583,0.8729603272674374,0.48011286112271545,0.7242714523401821,1669,37,105.83704415057231
heart_rate,0.8976471649802887,0.7584681911485934,0.8618596166151584,0.77709497604404,5013,24,226.75548854121442
blood_pressure,0.8879903329141675,0.9004722607709299,0.4209556118010025,0.7253611137744786,4256,4,151.18466985108947
heart_rate,0.9266423705426022,0.7100545212524133,0.918128795747426,0.6603485615158066,1349,22,162.96648069500904
glucose,0.8661203570567022,0.815469132001996,0.7882437245740963,0.6920148560629531,2319,30,216.74685141139543
glucose,0.9115129122408268,0.8687060199746542,0.22352205022804958,0.7731288362092492,3324,6,137.7589947250143
blood_pressure,0.9656581022530591,0.7520473036875363,0.5599823553247206,0.8953241515424504,4196,46,222.8245132023152
heart_rate,0.882772217143755,0.7851797535255183,0.6193219524933598,0.8304921945075097,2365,49,167.45361558375762
blood_pressure,0.9008876433182889,0.7712941320633427,0.6905086882547552,0.7099460809568008,2351,5,147.1552587419715
blood_pressure,0.9062287141186282,0.8265299724469259,0.5117479513669483,0.8905299986963038,5427,2,187.869254419268
heart_rate,0.8481939169201462,0.7538127246436763,0.5445867954645847,1.0,1276,39,149.50383348975913
glucose,0.9457948491201501,0.8094691829137708,0.36963263104440275,0.8584471440620021,5657,21,196.21392422914423
temperature,0.9276261981108138,0.8449222515383994,0.3298456873855295,0.7579097897481998,4237,33,117.71695447290125
heart_rate,0.8733720169594221,0.7760010049736001,0.8894480970068819,0.9455101870430122,5270,4,221.90521526733087
heart_rate,0.8605007940619717,0.7003385174348024,0.7934238818107625,0.7130290362242551,3546,10,160.8237138191914
glucose,0.8935866442991001,0.5783297706934342,0.3846076894195624,0.8567797953036752,1100,21,148.3256881820064
temperature,0.9204960325606583,0.8729603272674374,0.48011286112271545,0.7242714523401821,3025,49,125.84566109624066
heart_rate,0.9111948267785177,0.8984046013839029,0.42820491131091293,0.9025208543289707,1913,37,140.5274243819247
temperature,0.9369251963643845,0.5945072951738773,0.6226117869656045,0.8284763658592369,2111,2,111.4909148279793
heart_rate,0.8730820716956567,0.6470280488052251,0.705743313862737,0.9228459966415616,4880,10,197.5016599146307
blood_pressure,0.9070160114798589,0.913622910488156,0.6600588356643607,0.760396963339921,5294,24,213.5034928245732
blood_pressure,0.9034024397671291,0.7989345376034116,0.8279443351208926,0.8429477028213348,2221,33,223.43055583163834
temperature,0.9309738472912794,0.664039623963964,0.5357337821578211,0.5963221353957684,3857,46,137.5935765407873
heart_rate,0.9152657579628238,0.8457449954089299,0.4120951490706127,0.8069649085921398,3355,3,124.04244042239286
heart_rate,0.9489680254231622,0.659148355885532,0.5183778679853703,1.0,4299,12,177.84962726722958
heart_rate,0.9029741326898134,0.6345705898576639,0.7293271370087416,0.7629748708458903,5933,21,208.93129149772213
glucose,0.879619360325674,0.8051632395655982,0.263577473166962,0.908142538943941,3762,42,172.62096414201682
temperature,0.9249447149667557,0.8864982526553944,0.3197720610564302,0.7680567524416115,1458,17,86.66128552199476
heart_rate,0.9274745585637806,0.6427322399479688,0.6394426841450729,0.8412422228042641,1226,30,157.02911892731444
temperature,0.8869332580003036,0.8213904252793205,0.43979783158662294,0.8806594388740987,2880,29,128.84012116995964
temperature,0.916566826615477,0.7910497298918796,0.6889041741473447,0.951823105497732,4307,9,157.94533534732253
temperature,0.9450310191692369,0.45827712461407,0.9725876074992241,0.8981016707757024,3312,19,194.75551736324252
heart_rate,0.9342599720177165,0.6672659849188541,0.5539963695873259,0.7229619510658968,5407,11,164.64824693997627
heart_rate,0.9213644946700476,0.811282679027579,0.7934475855551253,0.6889584968357773,2218,48,187.72935132325603
heart_rate,0.8943251086586896,0.9094614098223508,0.7675806502706558,0.9716504804838568,2699,44,214.82852822213746
heart_rate,0.8909095983403712,0.7883260225752454,0.4186297450558772,0.6501813670480203,4311,33,135.21614732763038
glucose,0.944719505375032,0.8968164639609333,0.4050630454697454,0.8773188383097305,1807,16,168.80048181913227
temperature,0.9083913720375061,0.8823309910877263,0.5704433446123583,0.731744172297764,3980,44,150.98859879870935
heart_rate,0.9270965791304225,0.8026432420953852,0.6310239906183905,0.9005193745909772,3291,30,194.03332148289235
temperature,0.9111447058548278,0.8490999461864281,0.4006078963566319,0.5975853050379901,4102,6,96.86557946210263
heart_rate,0.9288398059716192,0.7650247926738375,0.36235102840237193,0.7873310259135844,3245,5,116.2474842890027
blood_pressure,0.9389816273674364,0.7763735289480536,0.7497074607682124,0.7266470972420782,1384,29,183.12186701025252
heart_rate,0.9587765487470943,0.8221771325420969,0.5871653747042701,0.7746840106699859,3275,7,147.58494599848333
temperature,0.9117750188709652,0.6531270437337079,0.5250093405841428,0.6737613248739145,2542,37,121.37686576251649
blood_pressure,0.9590392477646302,0.9337158502373988,0.35185735870056045,0.6726237892001169,3033,17,126.88645443529467
blood_pressure,0.9259273124304456,0.5574359684403944,0.5011415600188821,0.6491362049382605,3937,26,166.5154952773374
heart_rate,0.8893839396496106,0.6259095666451192,0.5398638688641313,0.7781963593847729,3823,26,166.28723734296273
temperature,0.8906939351356854,0.6506600330500196,0.6481075893626972,0.8783019637515201,4207,20,149.30536477276058
blood_pressure,0.924147303299386,0.5387168785314319,0.5023960854236063,0.7077427607923767,2188,32,158.2796303624313
blood_pressure,0.8961914889134271,0.7663681633353225,0.5027971554858088,0.9900870523251785,4645,48,229.6932326403819
temperature,0.8830866512998298,0.8167013449386263,0.7755633399289497,1.0,4373,45,215.72538811486828
glucose,0.9008991120442317,0.94211286017779,0.42416799013724216,0.6390682374539473,3691,40,164.62981842300485
temperature,0.8746836057452391,0.7957588702318175,0.3881920982174874,0.7977251738518855,1188,35,101.50968453721097
temperature,0.9050962957096824,0.8547280625951634,0.3469091415664882,0.7170514578797035,5044,32,121.76127324819382
temperature,0.9808419181387286,0.6589615561419255,0.8171013846589013,0.9513249643452362,1593,27,181.9825301124137
glucose,0.9443908254300458,0.6281631802544417,0.3478536291936602,0.7412815499585077,1020,21,126.65811138165718
temperature,0.9300831322522487,0.8513126138579901,0.7676809599400178,0.9761972981199835,4476,32,192.83097335991266
blood_pressure,0.9110579935887735,0.8590729508192847,0.6875943077087955,0.7459963015101094,1765,41,177.93136989330202
glucose,0.935239552949056,0.8440506788946794,0.7242478027327963,0.8951178969863972,4013,18,255.69553709227048
glucose,0.9869690254123868,0.9166710959726161,0.6771397918106146,0.6763359991975624,4760,17,230.3937775060599
temperature,0.9126005302886718,0.7007769189593538,0.180574586744472,0.7130017030130479,3644,6,80.60348659337252
glucose,0.979490644426175,0.7598809149875456,0.5208926218083448,0.7616034204032877,3706,7,170.43632947075173
heart_rate,0.9142027145005857,0.8551588289954395,0.8099675901676141,0.7962628768357606,1223,21,158.44913695341523
glucose,0.9436143621011298,0.5927885108588534,0.5531643450022,0.732169683994497,3306,12,174.56946024067543
heart_rate,0.9306365169248041,0.8885977484700684,0.42393079464731787,0.5569789572332717,4460,10,116.42799848856328
temperature,0.9120756928729734,0.7932238373440714,0.37082699503146044,0.665695891931804,5370,49,114.78022075688648
temperature,0.956465026117882,0.9786622879435871,0.3671857388074362,0.8759398853991235,4082,24,117.06202475625217
blood_pressure,0.969931126470753,0.867972547791729,0.7467962841198524,0.8880718064007385,1355,10,188.04655081703805
heart_rate,0.90650491781139,0.8254377970671528,0.42204957305458796,0.6958897134225962,4091,45,151.3384634484323
blood_pressure,0.9063001188828609,0.802425158086424,0.270766459881574,0.9719891135666902,3582,25,153.6055421913254
heart_rate,0.9280572779784937,0.5163338282362318,0.5450873909415406,0.7030360754320715,1428,23,123.9888792286366
heart_rate,0.9214955983903919,0.6535824169170291,0.48519177856482526,0.8805085227126952,5207,29,180.26374825145896
heart_rate,0.9239621657511644,0.7535901440408455,0.42765988319225934,0.9490285096364318,5947,45,196.96941892775538
temperature,0.9515653068148486,0.7679548473215494,0.5792773810595511,0.8132860162419784,4902,9,147.36115578786814
heart_rate,0.8725510146789539,0.7415610351931395,0.7788534125340434,1.0,1358,4,155.27530367417705
blood_pressure,0.9267104679605617,0.6627750788545904,0.6159210967498678,0.7811991368262226,2935,32,190.57919051150935
blood_pressure,0.9497168565112836,0.6053273231848184,0.8444435566832349,0.8655056830627833,1117,8,189.97391627251045
heart_rate,0.9445767408956489,0.7451990466535551,0.37063079650503905,0.4426652284102515,3903,33,104.30193342533973
heart_rate,0.8976471649802887,0.7584681911485934,0.8618596166151584,0.77709497604404,2758,43,203.6940589739826
blood_pressure,0.9084278224672857,0.7389749204263915,0.6588166598325099,0.8076291582590104,2555,43,200.7156013804908
heart_rate,0.9203073700618163,0.9635480041338056,0.4874953653427408,0.8286521479419565,4473,8,140.13718720122407
glucose,0.9635645105521272,0.7138171163856275,0.5290222819949479,0.6221903395312423,2093,30,165.69853661505962
heart_rate,0.8660299816694949,0.6283998063806352,0.6158555117426604,0.8551354780633055,5510,21,185.56044347483237
glucose,0.9146248727835571,0.8135356948855197,0.744661781354299,1.0,2566,48,285.59306310770364
blood_pressure,0.9325571809354701,0.7865762074249162,0.21913511569049468,0.9490606227196801,5408,24,144.3627652614448
heart_rate,0.860065051600621,0.9233515867316024,0.2230385660256414,0.9255453301363392,2204,12,104.06941553305333
heart_rate,0.8932126189774902,0.9419466033830237,0.6233516522120487,0.8297029753784728,4447,10,161.5695338198564
heart_rate,0.9284487499492485,0.9864336969175441,0.6313540522131665,0.7407935659966312,1440,8,138.99110518454376
blood_pressure,0.9772564857566985,0.7426737787508603,0.5571738498709213,0.6648851928575477,3661,37,181.3953080799948
temperature,0.8944857577743446,0.8010999080881939,0.6032218064516391,0.7869733366469364,3144,22,133.94988187806385
heart_rate,0.9119883488051117,0.9605177026939685,0.834255349079681,0.6303621340893862,4835,19,183.70681102649044
glucose,0.9045677888485344,0.7821782672863331,0.41120632188506384,0.8801067320990401,5768,47,233.53150774831988
heart_rate,0.9304918194553502,0.7865310905443471,0.7012245553954317,0.8612525677487545,2773,3,154.82279799418643
blood_pressure,0.9351830670774973,0.8577805662349816,0.5438310676781986,0.667752608595771,5938,31,201.91670064874975
heart_rate,0.9182062726812432,0.9918910489178887,0.37930693002408367,0.8996281183721252,4045,16,142.6740883283929
glucose,0.9037209729839246,0.8718897737727478,0.7614424110953656,1.0,5788,25,312.4268529176693
blood_pressure,0.9235343732150014,0.5171962769864952,0.7401796010475058,0.6794818927978603,3058,12,177.9434201982123
glucose,0.946549928045761,0.946368105843769,0.46214546036272036,0.6523573122457373,5128,49,220.218945782013
blood_pressure,0.9104092845496181,0.6902852419768312,0.656968795160594,0.6760059951987487,4659,25,201.25409667653992
blood_pressure,0.8884931181075744,0.6194472065559564,0.7783387797669418,0.8894567678505956,5500,43,269.41411337344795
blood_pressure,0.8804636393908605,0.9272128806497248,0.17724593463540392,0.7637293690347778,4632,20,125.04635265559135
heart_rate,0.9336213631209662,0.4407345670010552,0.8026333015209223,0.7692662155690688,1220,45,170.36915449414664
glucose,0.8471575719303104,0.8708765133835216,0.5159150538199518,0.8358641063812823,5534,27,216.08774168159448
heart_rate,0.9266651651399992,0.7375023331837659,0.6837257387723251,0.6477875991615408,1668,38,163.13446329002596
